﻿id,url,reply_to,text,time
561132925558857,https://m.facebook.com/groups/babysleeptrainingtips/permalink/561132925558857/,,"I am a first time mom so I have no idea what I’m doing.

My 8 week old is unfortunately sleeping 5 minutes durin his nap time (now he does have colic and it is very worse in the late afternoon early evening)

All he wants to be his rocked. But I’m getting nothing done. And once I get him to sleep he wakes up it feels like 2 minutes after.

Just any tips for colic or anything really.

Hi just wanted to edit the post I am also fighting off mastitis, so it’s harder to baby wear him when I gotta help get my ducts unclogged.","06/16/2022, 23:46:27"
562475252091291,https://facebook.com/562475252091291,561132925558857,"My son was the same. Colic and reflux. Not sure why but in the evenings I sat with him outside and sang to him and he calmed down. He also calmed down if I put him in the bath and had the water running.

Ask your support system for help!!!! Ask them to bring you dinner or to hold the baby. Whatever you need.

It is very overwhelming but those 3 newborn months do go by so quick. It’ll get better before you know it.","06/18/2022, 00:00:00"
563699531968863,https://facebook.com/563699531968863,561132925558857,"I am there too. Going outside for walks really helped. I asked for help when I was overwhelmed. I also repeated to myself, “This too shall pass. It won’t be like this forever. He needs me to comfort him.” I also reminded myself that I am his comfort when he is in pain.","06/20/2022, 00:00:00"
561275165544633,https://facebook.com/561275165544633,561132925558857,"Try not to get overwhelmed trying to get things done. Put away any house hold choirs for these first few months and do just the most important stuff. Hang in there mama. You’re not doing anything wrong snuggle baby up while he is still little. Don’t be afraid to put him down when you need to use the bathroom, eat or just a minute to breath. Also you can try elevating the mattress by putting a towel underneath one side. And make sure not to miss a burp, tiktok has great video illustrations of ways to get a burp out.","06/17/2022, 00:00:00"
561617835510366,https://facebook.com/561617835510366,561132925558857,Colic is very common (doesn't mean it is easy). Feed him upright and burp him every 2 ounces..it will pass I promise. I had to change my LO to comfort milk for colic and constipation and he was alot better after but could be his age - his little digestive system is still maturing . Google witching hour (it will make sense) hope you're ok. I found gripe water.helpful xxx,"06/17/2022, 00:00:00"
562044128801070,https://facebook.com/562044128801070,561617835510366,Lis Hughes gripe water isn’t working again anymore,"06/18/2022, 00:00:00"
561576942181122,https://facebook.com/561576942181122,561132925558857,"Not sure if anyone has mentioned it, but have you heard of or thought about a chiropractic adjustment. There are specially trained chiropractors that specialize in children and infants. It is very gentle and can be very helpful to all babies but especially colicky babies. Best of luck to you mama","06/17/2022, 00:00:00"
563037898701693,https://facebook.com/563037898701693,561576942181122,Victoria Shkurat Sench my son was like a new child after it. Good luck ❤️,"06/19/2022, 00:00:00"
561483175523832,https://facebook.com/561483175523832,561132925558857,"My son was too very colicky!!! I have 2 other boys and never dealt with it before but just be patient as possible!!! It will pass but in the meantime - My pediatrician recommended me to these probiotic drops made by Gerber that have been amazing!!!! I saw a significant change within 5 days of using them!!! Definitely recommend!!!!!!
!","06/17/2022, 00:00:00"
561732602165556,https://facebook.com/561732602165556,561483175523832,these were very helpful for my little guy too!,"06/17/2022, 00:00:00"
561561842182632,https://facebook.com/561561842182632,561132925558857,Keep in mind 8 weeks is a stormy period/mental leap! So if he is suddenly like this it will pass!,"06/17/2022, 00:00:00"
561139175558232,https://facebook.com/561139175558232,561132925558857,This time will pass. Do what you can to comfort him and try not to get overwhelmed. The stuff will still be there when you get around to it. Baby wear if you can. Remember that baby instinctively wants to be close to you. Get help from friends/family of you feel overwhelmed but chores and things can wait. Days are long but it goes by fast!,"06/16/2022, 00:00:00"
563795118625971,https://facebook.com/563795118625971,561132925558857,"Give him probiotics. Ask the dr too but my dr said to try and fixed my babygirl’s problem. After 2 days crying in same time with her- was the worst ever, was eating and crying, I went and bought them from walgreens and since then no issues anymore. 🤗 cutie","06/20/2022, 00:00:00"
562690012069815,https://facebook.com/562690012069815,561132925558857,"It gets better. This does pass. My lil guy, now 3 months was exactly what you described starting at about 2/3 weeks until about 6/7 weeks. I switched to Dr browns bottles, cut dairy (I noticed a difference within a week) gripe water, colic calm (GET THIS) chiropractor multiple times a week, babocush, and baby wearing. Anything to keep him upright until he passed the digestive leap that was going on. One day you’ll just be like oh, hi there happy baby and it will have passed. Tag in some help if you can to get a break to recharge. It’s so hard but you’re doing all of the things. Hang in there mama.

Mastitis is AWFUL!!! Heat compress before and during pumping and a vibration device to help release those clogs. Sunflower lecithin also helps emulsify the milk. Hang in there mama ❤️","06/19/2022, 00:00:00"
561463238859159,https://facebook.com/561463238859159,561132925558857,"Try taking him warm baths ! Bath him with lavender or calming body wash and shampoo ! What also worked for me is rubbing around his tummy ! Not too hard ... Sometime when they're little all they want is mama ... I'm a first time mom too and trust me the first 6 months are HARD. Embrace it and let your instincts kick in ! I always try to put myself in the babies shoes and it helps .... Most of all breatheee it's okay to break down every here and there because you don't know what your doing or your baby is too overwhelmed....
It will pass just be patient","06/17/2022, 00:00:00"
561526385519511,https://facebook.com/561526385519511,561463238859159,I agree only thing is I heard lavender is bad for boys,"06/17/2022, 00:00:00"
561467465525403,https://facebook.com/561467465525403,561132925558857,"How is the feeding and his weight going? I would ask a HV to assess the feeding to check for potential tongue tie especially if you've had mastitis and he seems unsettled. As mentioned there is usually an underlying cause e.g. Tongue tie, silent reflux, CMPA, tension, so always good to exclude these. Worthwhile having a chat with your HV to see if you can get to the root of the problem and that will help you know what techniques can help. X","06/17/2022, 00:00:00"
561468538858629,https://facebook.com/561468538858629,561467465525403,"https://
youtu.be/
SfCxUG1nE84 also give this link a watch for support around sleep. I found it really useful with my now 6 week old. Last night was the first night she slept in her moses basket through till the morning waking for feeds. Previously she refused to be anywhere apart from in my arms and would not lie on her back. It's important at this age NOT to do any sleep training methods as he is way too young and needs responsive parenting to feel safe and secure. In the long run you will have a more settled and secure baby ❤️ as mentioned previously 6-8 weeks tends to be the peak for crying and this usually improves by 12-16 weeks so you're likely at the worst of it now. Take each day as it comes. It will get better ❤️

Also last comment - I don't know about the heat pads for tummies some people have recommended - I would check out whether they are actually safe to use for newborns (sadly a lot of stuff marketed for babies is not safe e.g. dockapods/ baby cushion pods despite being advertised and widely available they have a higher risk of SIDS.) I would be careful to make sure what you buy is regulated and approved and doesn't run the risk of malfunctioning or linked to overheating and SIDS etc. I'd ask the pharmacist re: products for colic they recommend rather than buy online as some products will have added things in such as sugar, alcohol etc. It's so hard being a first time mum and companies are very clever at preying on new parent anxieties. Trust your mama logic and instinct ❤️","06/17/2022, 00:00:00"
561509782187838,https://facebook.com/561509782187838,561467465525403,Katherine Emma Louise feeding is good he is very healthy doctors isn’t worried about his weight,"06/17/2022, 00:00:00"
561206665551483,https://facebook.com/561206665551483,561132925558857,"My son is 9 months old and he’s just about growing out of his colic/reflux stage. He is being treated for a suspected milk allergy. But he was sick badly all the time. He got given Gaviscon, colief drops, Infacol, gripe water and he got given a prescription tablet once a day. It didn’t help him, but all babies are different.
Good luck mama! You’ve got this 🥰","06/16/2022, 00:00:00"
561875802151236,https://facebook.com/561875802151236,561132925558857,"Colic is an umbrella term for many symptoms. It's basically a nice way of saying, we don't know what's wrong.
There could be many things causing it such as hunger, a leap which does happen around the 8 week mark and gas.
Baby wearing and contact napping got me through it, as well as making sure we were burping thoroughly.","06/17/2022, 00:00:00"
561534715518678,https://facebook.com/561534715518678,561132925558857,"Try baby wearing him, it’s exhausting, but at least this way he’s close to you and snuggly, he might settle down and your body might relax. Baby crying is like thorns to the nerves…. And
Hydrate!!!!","06/17/2022, 00:00:00"
561168285555321,https://facebook.com/561168285555321,561132925558857,My son is now 4 months but at his 2 month check up I mentioned how is was constantly crying and something didn’t seem right. It turned out he was allergic to my breast milk. He had blood in his stools which I didn’t know was blood I thought it was just newborn baby poop. My pediatrician gave me the option to go on a dairy free egg free diet or go on formula. We started out with soy and then that didn’t work we went to nutranigam and then that didn’t work so we are now on neocate. He is much happier now.,"06/16/2022, 00:00:00"
561141058891377,https://facebook.com/561141058891377,561132925558857,"Colic guru burping techniques saved my sanity.
My third baby had tongue lip and cheek ties which caused her to get way too much air breast or bottle-fed. Once I learned how to get every single burp out, gas drops helped some too, then she was a new baby. And if I missed a burp she’d be miserable the next six hours. ￼","06/16/2022, 00:00:00"
561166618888821,https://facebook.com/561166618888821,561141058891377,"Emily Cruz what are some tips to help with the burping??, TIA!!","06/16/2022, 00:00:00"
561167808888702,https://facebook.com/561167808888702,561141058891377,Following!!,"06/16/2022, 00:00:00"
561174488888034,https://facebook.com/561174488888034,561141058891377,"Monica Coto I can’t find the link but I put 1 to 2 drops of gas drops in each bottle and 1 to 2 in the mouth before each burping so not a full dose altogether.
Hold the baby laying back and then roll them from side to side so that the air has a chance to move up. Then you rub their back from tailbone to shoulder blades in circular motions with some pressure. Then you put them leaning over your shoulder to apply some pressure and burp as normal. Repeat if needed !

And what I learned in addition recently is to hold baby by neck/jaw and lean them forward, other hand holding their bum. And bounce up and down. Also burp in this position","06/16/2022, 00:00:00"
561180558887427,https://facebook.com/561180558887427,561141058891377,"Ahhh I’ve been doing exactly what you say!! Except the gas drops, I just give it as a dose after his feeds, I didn’t think putting it in the bottle would be as effective but j should try that! Thanks for all your tips!!!!! If you find the link let me know pls 🙂","06/16/2022, 00:00:00"
561136898891793,https://facebook.com/561136898891793,561132925558857,"Baby wearing, still allows you to move and get things done and keeps baby close to your body for comfort and with different wraps there is all kinds of positions that can help the colic. Gripe water was a savior with my daughter, and the colic carry, where you lay baby down across your forearm and gently rock them and pat their back at the same time","06/16/2022, 00:00:00"
561634662175350,https://facebook.com/561634662175350,561132925558857,"Gripe water, heating pad wherever he is gonna lay and move it before you lay your baby down the warmth helps with the transition from you to laying on their own","06/17/2022, 00:00:00"
561136665558483,https://facebook.com/561136665558483,561132925558857,"Have you tried baby wearing? Mine fought it at first at this age but if you just work past the initial fussiness they start getting reeeealll comfy and sleep, and allows your hands free and to walk around and do stuff- the motion of which helps soothe them","06/16/2022, 00:00:00"
563692875302862,https://facebook.com/563692875302862,561132925558857,"Mine was the exact same from 2.5 weeks old until 8 weeks, but we started going to a chiropractor regularly at 4 wks and that helped a ton! It passes, but I know how hard it feels right now! You’ll get through it!! ♥️","06/20/2022, 00:00:00"
562056845466465,https://facebook.com/562056845466465,561132925558857,"I'm a FTM too and he was colicky too, throwing up his milk quite often with reflux and the first 3 months are exhausting but you soon forget about it once it stops, honestly. Just do what you can do to get through each day, house work can wait. As they get older and naps are more consistent, they start to need you less. So contact nap and enjoy the cuddles, things are a phase and won't last forever. Gripe water helped him with gas and bowel movements so give that a try if you can. Best of luck :)","06/18/2022, 00:00:00"
561136962225120,https://facebook.com/561136962225120,561132925558857,"it is common for babies to have colic at that age, it is important that after each feeding you make sure that they burp, they may not do so for a few moments, you can wait a few minutes, but do not put them to bed until they have done so, there is special colic water for newborns born, you can ask your pediatrician, but that works pretty well. if he drinks formula you can decide the formula in two drinks (example if he drinks 4 ounces, you can give him 2 ounces, try to make him burp and then finish giving him the remaining 2 ounces)","06/16/2022, 00:00:00"
561234495548700,https://facebook.com/561234495548700,561132925558857,Warm baths or showers helped my baby when he was younger and had colic. Also baby wearing but as soon as I’d sit down I’d have have to get right back up again because he’d wake up and scream.,"06/17/2022, 00:00:00"
561526352186181,https://facebook.com/561526352186181,561132925558857,"I got this for my 8 week old, he is really bad with his colic, it calms him straight down and sometimes has a nap in it for about 30 mins. Also i found the extractor fan in the kitchen also calms him down. Definitely recommend a swing chair x","06/17/2022, 00:00:00"
561390895533060,https://facebook.com/561390895533060,561132925558857,My 2.5 month old had a colicky spell a probiotic helped me sooooo much! Also warm baths every night and if baby is gassy I would warm a towel in the dryer for a few minutes. Make sure it’s not to hot the warmth really helped settle my baby. I feel for you.,"06/17/2022, 00:00:00"
561153152223501,https://facebook.com/561153152223501,561132925558857,"Baby wear, try to understand that some babies fuss and whine in early stages of sleep and sometimes they don’t need to be picked up, perhaps patted and reassured it fall back asleep♥️","06/16/2022, 00:00:00"
561565832182233,https://facebook.com/561565832182233,561153152223501,"Marissa Anderson this! My 6 week old often “ wakes”a minute or two after being put down, I sssh her and pat her belly and let her know I’m close and she settles down!","06/17/2022, 00:00:00"
563288478676635,https://facebook.com/563288478676635,561132925558857,"I've had mastitis woth both babies early on. If you are on antibiotics it WILL make them gassy and uncomfortable. I produce a lot then and I dodnt save anything that had the antibiotics in it. Warm compress and lots and lots to drink. Ice helps too. Keep baby eating off both sides. It hurts like hell but it'll help pull it out. Massage works too.

As for colic I'm in the same boat. My girl just screams what seems like no reason. Warmed up rag (dry) works good on belly or back discomfort. The gas drops and gripe water as well.","06/19/2022, 00:00:00"
561143222224494,https://facebook.com/561143222224494,561132925558857,"White noise for colicky baby on YouTube it’s a 10 hour video, it puts my son right to sleep!","06/16/2022, 00:00:00"
561456595526490,https://facebook.com/561456595526490,561132925558857,"Mylicon dye free drips, gripe water, and I bought my son a small stomach heating pad for babies on Amazon. Makes all the difference! My baby was extremely colicky at that age too. Also bicycles and tummy stretches!","06/17/2022, 00:00:00"
561230888882394,https://facebook.com/561230888882394,561132925558857,"Hi 👋 I’m very surprised this has not been mentioned but all of what you’re explaining and experiencing sounds like he might have oral tethered ties. Both of my kids had them and everything you’re talking about leads me to believe baby might have them. It’s not normal to have mastitis and colic is also a sign. His latch might not be deep enough and so he’s getting a lot of air. Also, clicking while feeding is a sign as well as milk spillage on sides of mouth and short feedings. Until you see a IBCLC to point you in the right direction, not a lot will help until the ties get released by a pediatric dentist who specializes in ties and also with the help of the IBCLC (international board certified lactation consultant) regular LCs or ped doctors are not well educated in this so that’s why I mention the IBCLC As well as a ped dentist who specializes in this. I was in your boat with my first baby and had mastitis twice. Once I found out these things weren’t “normal” and got the help, my life changed. My breastfeeding journey is better this second time around knowing what I know now. In the mean time the only thing that helped with the colic was colic calm and dr browns bottles for me. I would also get a nipple shield to alleviate some discomfort if needed. Hang in there mama 💜","06/17/2022, 00:00:00"
561233762215440,https://facebook.com/561233762215440,561230888882394,"PS - try feeding baby in football hold to see if that may help rather then side laying. Or you can try pace feeding with a bottle. Both positions have baby upright in a sense and can be better on tummy. One thing that helped my very colic daughter (before tie release) was laying her on me belly to belly to help her burp or
Pass gas. Idk why but it was the only thing that really helped with that.","06/17/2022, 00:00:00"
561613002177516,https://facebook.com/561613002177516,561132925558857,"Just here to say Colic is a symptom, not a diagnosis. Has he been assessed for reflux, silent reflux or a milk protein intolerance?","06/17/2022, 00:00:00"
561587888846694,https://facebook.com/561587888846694,561132925558857,Either dairy free or lactose free foods and probiotics. I learned caffeine can cause reflux. One thing my chiropractor told me is to rub his stomach in a clockwise motion to help his digestion.,"06/17/2022, 00:00:00"
561507292188087,https://facebook.com/561507292188087,561132925558857,Gerber extension care and nexuim that’s what our pediatrician said for us to do and to put cereal in his bottle,"06/17/2022, 00:00:00"
561333108872172,https://facebook.com/561333108872172,561132925558857,Sounds weird but babies love vacuuming. It mimics the sound in the womb. Try that or vibration of some sort,"06/17/2022, 00:00:00"
561682448837238,https://facebook.com/561682448837238,561132925558857,"Oh lovely! I had the same with mine and it drove me to so many tears.. try everything and hopefully something will stick.. I used gripe, infacol, formula thickner, upright sleeping, we put towels underneath him to keep his head propped up in the cott.. hopefully something sticks and you get a break 🤞","06/17/2022, 00:00:00"
562868975385252,https://facebook.com/562868975385252,561132925558857,My son doesn’t have comic but he does have reflux and the swing has helped a lot but he didn’t really like the swing for a while he’s almost 4 months old now but we would sit him in his boppy or car seat on the couch and it helped a lot,"06/19/2022, 00:00:00"
561192185552931,https://facebook.com/561192185552931,561132925558857,"Put him in the pram! When mine was newborn mine was the same I ended up dreading the whole day because I knew it was coming. I put him in the pram, and took him for a walk when it started, and he would then chill out and 9/10 time sleep through it and we’d bypass the screaming period cos he’d be asleep if that makes sense xx","06/16/2022, 00:00:00"
561473912191425,https://facebook.com/561473912191425,561132925558857,"I hear you mom… I can’t read all the comments but try tummy time if not started yet.. it will help in relieving the gas and will make baby tired and make him sleep.. take him out for walks if weather permits. Vitamin d helps in good sleep.

Exercise and tummy massage should help.","06/17/2022, 00:00:00"
561342128871270,https://facebook.com/561342128871270,561132925558857,"His face like “mom please” 🙄 hahaha soooo cute!!
I remember my baby being the same way 😭 I swear at that age her naps were like 5min long and she was also going to bed so late at night. So exhausting, hang in there momma! You’re not alone","06/17/2022, 00:00:00"
563842318621251,https://facebook.com/563842318621251,561132925558857,Emily Hash I’m so sorry your going threw all of that. I had a very colicky baby as well who would not nap and I found this amazing program that has so much information and advice and you even get assigned a consultant to support you! It’s absolutely amazing and so very helpful! If you want some information I could give you the name of the consultant who helped me! 😊,"06/20/2022, 00:00:00"
561149585557191,https://facebook.com/561149585557191,561132925558857,"My girl was SUPER COLICKY until she turned 3 months. Then all of the sudden she was a happy baby. It’ll pass.

Things that helped:
Baby wearing
Daily probiotic drops
Gas drops
Gripe water
Dr brown gripe belt
White noise during naptimes
Swing
Change of environment (take a walk, sit outside, etc)","06/16/2022, 00:00:00"
561167405555409,https://facebook.com/561167405555409,561149585557191,Christine Tabata what do the probiotic drops do??,"06/16/2022, 00:00:00"
561167768888706,https://facebook.com/561167768888706,561149585557191,Christine Tabata can you do probiotic along with the gas drops and gripe?,"06/16/2022, 00:00:00"
561230832215733,https://facebook.com/561230832215733,561149585557191,"Did you use probiotic,gas drops & gripe water everyday? FTM here 😊","06/17/2022, 00:00:00"
561302312208585,https://facebook.com/561302312208585,561149585557191,"Roxanne Carr

Probiotics everyday
Gas drop - only when she was gassy
Gripe water - when she’s having a colic meltdown lol","06/17/2022, 00:00:00"
561321438873339,https://facebook.com/561321438873339,561149585557191,Monica Coto yes! Just watch the dosage limit on gas & gripe water.,"06/17/2022, 00:00:00"
561385038866979,https://facebook.com/561385038866979,561132925558857,My pediatrician recommended these drops and they’ve worked wonders for mine!,"06/17/2022, 00:00:00"
561147822224034,https://facebook.com/561147822224034,561132925558857,"I used pacifier and it kind of helped, he refused milk when he had colic and didn’t want breast. Only thing he wanted was pacifier that time
It continued for almost 2 weeks and he got better by the Grace of God","06/16/2022, 00:00:00"
561148622223954,https://facebook.com/561148622223954,561147822224034,Athullia Falgo he will take his pacifier (has a giraffe attached to it) but when it starts acting up he will pull it out and start screaming. He will take boob (for comfort but then spit everything up) ￼,"06/16/2022, 00:00:00"
561167745555375,https://facebook.com/561167745555375,561147822224034,Emily Hash 🙁 every baby is different. Just be patient and he will feel better in the coming days.,"06/16/2022, 00:00:00"
561169112221905,https://facebook.com/561169112221905,561147822224034,Athullia Falgo what pacifiers have worked for your baby?,"06/16/2022, 00:00:00"
561438932194923,https://facebook.com/561438932194923,561147822224034,Monica Coto I was using wubbanubb,"06/17/2022, 00:00:00"
561391738866309,https://facebook.com/561391738866309,561132925558857,For the colic you could use mylicon im a first time mom and i used it on my one month old and it helped wonders!,"06/17/2022, 00:00:00"
561443618861121,https://facebook.com/561443618861121,561391738866309,Samia Torres-fletcher I second this!! It’s like a magic potion,"06/17/2022, 00:00:00"
561407448864738,https://facebook.com/561407448864738,561132925558857,"Probiotics!! Gerber soothe is what I used. My baby started acting colicky around 6-7 weeks and that helped SO MUCH with his gas!! And for the clogged ducts, sunflower lecithin!","06/17/2022, 00:00:00"
561256745546475,https://facebook.com/561256745546475,561132925558857,"Usually when it’s labeled colicky behavior there is an underlying cause. It sounds like your little guy might be uncomfortable. From my experience, all three of mine had reflux (two had silent reflux-no spit up) stemming from a dairy (and soy) allergy (all had blood in their stool). What helped was obviously going dairy and soy free (pm if you have questions on how to do this as it’s not easy!) and holding them upright for 20-30 minutes after each feeding. Making sure they burp (try having him sit on your legs and lightly grip by the chin and use your other hand to gently push his back super straight. This usually gets burps out much faster than patting his back over your shoulder!) is important. Finally, my third also had oral ties (tongue tie needed to be clipped by an ENT). This improved her latch so she wasn’t sucking in extra air due to her not quite sealed latch. We also did bodywork by an osteopath since many babies with ties have extreme body tightness, causing them to be uncomfortable. You could also try a chiropractor. Finding a good lactation consultant would also be an excellent first step.

I always found 6-10 weeks to be the most challenging. Hang in there momma!","06/17/2022, 00:00:00"
561165912222225,https://facebook.com/561165912222225,561132925558857,I also have an 8 week old whose super colicky. I find oval drops will sometimes help.,"06/16/2022, 00:00:00"
561140145558135,https://facebook.com/561140145558135,561132925558857,"Saw a lady raving about this with her baby, it is like a heating pad for their tummies!!","06/16/2022, 00:00:00"
561332462205570,https://facebook.com/561332462205570,561132925558857,Gerber soothe probiotic drops worked wonders for our little guy! Can get them at Walmart!,"06/17/2022, 00:00:00"
561565365515613,https://facebook.com/561565365515613,561132925558857,If you have a wearable baby carrier where you can have him on your chest try that. Also question about clogged ducts. Probably a bad question but how painful is it and how do the ducts get clogged?,"06/17/2022, 00:00:00"
562164508789032,https://facebook.com/562164508789032,561132925558857,These helped us a ton In The middle of the night with colic or whenever. I just pop them under his onsie and have his diaper hold it and he falls asleep easier,"06/18/2022, 00:00:00"
561149232223893,https://facebook.com/561149232223893,561132925558857,Looks like he dont agree 🤭😂😂 beautiful kid ❤,"06/16/2022, 00:00:00"
561151148890368,https://facebook.com/561151148890368,561149232223893,Char Len he is a character himself! He is a super happy baby until about noon then it just takes a turn for the worse,"06/16/2022, 00:00:00"
561156948889788,https://facebook.com/561156948889788,561149232223893,Emily Hash same as mine but different time 😂,"06/16/2022, 00:00:00"
561141105558039,https://facebook.com/561141105558039,561132925558857,If you want to go the healthy way try giving him a little of chamomile tea it does wonders I’ve never trusted gripe water,"06/16/2022, 00:00:00"
561144568891026,https://facebook.com/561144568891026,561141105558039,Salguero Morales chamomile tea nitapata wapi?,"06/16/2022, 00:00:00"
561144908890992,https://facebook.com/561144908890992,561141105558039,Emma Chepngeno you can get it at you supermarket they should have it ☺️,"06/16/2022, 00:00:00"
561145572224259,https://facebook.com/561145572224259,561141105558039,Salguero Morales I gonna try it,"06/16/2022, 00:00:00"
561146942224122,https://facebook.com/561146942224122,561141105558039,Salguero Morales just curious as to why you’re not a gripe water fan .. I’ve been hesitant to buy it myself,"06/16/2022, 00:00:00"
561147702224046,https://facebook.com/561147702224046,561141105558039,Alexand-ria La 3 years ago my mom used it on my brother and he literally almost chocked due to it being slimy and thick he almost chocked on it he started to turn purple there’s planty of stories about this happening on line you should look in to it,"06/16/2022, 00:00:00"
561152265556923,https://facebook.com/561152265556923,561141105558039,This has helped my twins tremendously with colic and reflux,"06/16/2022, 00:00:00"
561221508883332,https://facebook.com/561221508883332,561132925558857,My daughter is 5 weeks old and has colic. She will only sleep/nap when swaddled. I use a tommee tippee zip up 0.5 tog grow bag with her arms tucked in (she hated the fold swaddle type ones and this has a zip and allows her to lift her legs) I tried everything and this is the only thing that worked! Fingers crossed it works for you.,"06/17/2022, 00:00:00"
561137528891730,https://facebook.com/561137528891730,561132925558857,Do you have a baby carrier? Sometimes the sleep best when they are close to you. Also babies can be colic from what we eat. Mine was with dairy and since I’ve been off of it he is 💯 times better.,"06/16/2022, 00:00:00"
561140232224793,https://facebook.com/561140232224793,561137528891730,Alisha Conley I’ve cut out dairy and all caffeine and it’s still pretty bad.,"06/16/2022, 00:00:00"
561143992224417,https://facebook.com/561143992224417,561137528891730,"Emily Hash oh 😢☹️ that sucks. I wish i could be more help.

These have worked wonders for my little guy and they are all natural.
I know they say it takes 2 weeks for the protein from dairy to leave your body, so even if you have a little bit of dairy once your starting all over again.","06/16/2022, 00:00:00"
561145022224314,https://facebook.com/561145022224314,561132925558857,"Baby wearing can work wonders and I’ve also had success with adding infant prebiotics/
probiotics to my babies bottle 1x per day. Helps their tummies build up the good bacteria needed to digest food! I believe you can find certain formulas with probiotics as well…Definitely
consult with your Dr. first. Hang in there it will pass!","06/16/2022, 00:00:00"
561145675557582,https://facebook.com/561145675557582,561145022224314,Amanda Marie Kuhl I have paused on baby wearing until I get better I am currently fighting mastitis in my boobs and everytime I get a duct unblocked he can smell the milk and just wants my boobs.,"06/16/2022, 00:00:00"
561159035556246,https://facebook.com/561159035556246,561145022224314,Emily Hash I hear you mastitis is awful. I’ve heard great things about this product for clogged ducts.,"06/16/2022, 00:00:00"
561159508889532,https://facebook.com/561159508889532,561145022224314,Amanda Marie Kuhl I will try anything because my antibiotics aren’t even working ￼,"06/16/2022, 00:00:00"
561171468888336,https://facebook.com/561171468888336,561132925558857,"Possibly cluster feeding and definitely overtired. Don't be afraid to feed your baby as much as he wants. also wait 15 to ,20 minutes to put down because they don't get into a deep sleep until then. Do you swaddle? My 4 month old still startles awake if not swaddled.","06/16/2022, 00:00:00"
561174158888067,https://facebook.com/561174158888067,561171468888336,Kira Lewis yes ma’am I swaddle this boy. But he always breaks out of it 🫠 and he will eat me dry most days,"06/16/2022, 00:00:00"
561260645546085,https://facebook.com/561260645546085,561171468888336,Kira Lewis try the love to dream sleep sack that keeps their arms in an upright position while preventing the startle reflex. This was a game changer once my girl started busting out of the swaddle but wasn’t yet ready for a normal sleep sack.,"06/17/2022, 00:00:00"
561343205537829,https://facebook.com/561343205537829,561171468888336,Emily Hash I agree with the comment below I also use love to dream swaddle,"06/17/2022, 00:00:00"
561669722171844,https://facebook.com/561669722171844,561132925558857,"Gripe water and the Dr Brown gripebelt for colics, hope this helps!","06/17/2022, 00:00:00"
561540238851459,https://facebook.com/561540238851459,561132925558857,"Take it easy with working around the house, check for tongue or lip tie, buy a baby carrier- baby wrap, get baby good probiotics.","06/17/2022, 00:00:00"
562095918795891,https://facebook.com/562095918795891,561132925558857,"Please get him checked for a tongue tie by someone who specialises (like a lactation consultant) if you search on Fb for a tongue tie group you will find lots of info and recommendations
of how to find someone to assess him. x","06/18/2022, 00:00:00"
561185202220296,https://facebook.com/561185202220296,561132925558857,Do you have a good swing? We had one of those high tech new ones thsy didn’t really swing it just was more like a ride. Once I got an actual swing it was a game changer.,"06/16/2022, 00:00:00"
561281612210655,https://facebook.com/561281612210655,561132925558857,"It may be reflux and or a cows milk protein allergy/ intolerance. My daughter has both and barely slept at that age until she was medicated and we switched from breastmilk to a rice based formula. You are also smack bang in the peak of PURPLE crying , you can read here about it https://
www.verywellfami
ly.com/
what-is-purple-c
rying-4691402 completely normal and all babies go through it in some degree, some more than others but very hard until about 12 weeks when they grow out of it typically","06/17/2022, 00:00:00"
561282745543875,https://facebook.com/561282745543875,561281612210655,I should mention gripe water and colic drops etc didn’t help my daughter at all but if your LO doesn’t have reflux or an allergy they may,"06/17/2022, 00:00:00"
561284902210326,https://facebook.com/561284902210326,561281612210655,"One more thing, these two products were literal life savers and I swear by them to make life easier. No more drying things by hand or trying to get the right temp for water, if you are breastfeeding exclusively though you won’t need the babybrezza
1. https://
www.drbrowns.com
.au/
collections/
bottle-feeding/
products/
dr-browns-steril
iser-and-dryer-
with-hepa-air-f
ilter
2. https://
www.babybunting.
com.au/product/
baby-brezza-inst
ant-warmer-1199
20","06/17/2022, 00:00:00"
561148098890673,https://facebook.com/561148098890673,561132925558857,"Just love that baby as hard as you can, he needs you mama, this world is so big for him, he just came here. Just comfort him. ❤️❤️❤️","06/16/2022, 00:00:00"
561262332212583,https://facebook.com/561262332212583,561132925558857,You have to forget about house task at the moment. Your baby needs you now mama it will get better with time.,"06/17/2022, 00:00:00"
561526208852862,https://facebook.com/561526208852862,561132925558857,infant colic drops.helped with my nephew,"06/17/2022, 00:00:00"
561138392224977,https://facebook.com/561138392224977,561132925558857,my son has it and to get him to sleep i literally play a vacuum noise on youtube and give him mycolin! riding him on the golf cart helps too!,"06/16/2022, 00:00:00"
562142105457939,https://facebook.com/562142105457939,561132925558857,"I have a 7 week.old. we do Probiotics and we i also drink colic tea, and either of them or those together is definitely helping.","06/18/2022, 00:00:00"
561185148886968,https://facebook.com/561185148886968,561132925558857,"First time mum here also:
We just went through colic and finally have it under control.
-Nan probiotic
-homeopathic magnesium supplements
-baby wearing in the carrier
- bouncing on your yoga ball holding him tight in your arms (upright)
- side sleeping in cosleeper bassinet in a good swaddle (use a rolled up towel to tuck around his back)
- heat pack on his belly + warm baths

Hope this helps. It was a hard couple of weeks getting it under control. 🥲🥲","06/16/2022, 00:00:00"
561566625515487,https://facebook.com/561566625515487,561132925558857,Try a chiropractor that specializes in babies,"06/17/2022, 00:00:00"
561140215558128,https://facebook.com/561140215558128,561132925558857,"Idk if this will help but if u have a swing u could try to put him in that so he gets the rocking motion, it helps my daughter","06/16/2022, 00:00:00"
561143598891123,https://facebook.com/561143598891123,561140215558128,Sadie Gibson we do but he absolutely dislikes being strapped into the swing. And I’m just not comfortable not strapping him and turner the swing on.,"06/16/2022, 00:00:00"
561144788891004,https://facebook.com/561144788891004,561140215558128,"Emily Hash I never strap my little one in and I’ve never had an issue.
he’s 4 months old now and loves the swing and I still don’t strap him in.
Never had an issue","06/16/2022, 00:00:00"
561157205556429,https://facebook.com/561157205556429,561140215558128,"Emily Hash
You are doing great momma ❤️ Hope your mastitis also goes away soon !
As others mentioned above i also tried putting my baby in the swing without belts/straps, not sure if that helped with colic but as she is nearing 3 mos she is definitely doing better than before.
If you are uncomfortable to put baby in swing without straps you may try to sit there for a while and observe if baby is movin a lot or not. Generally my baby stays stuck in the position and doesnt move a lot and with the music and the motion falls asleep also !","06/16/2022, 00:00:00"
561158065556343,https://facebook.com/561158065556343,561140215558128,"Saha Sarmistha I’ll definitely give this a try, it just makes me nervous because when he gets up set his little legs give him all the strength he needs. And we have concrete flooring so it gets my anxiety up￼","06/16/2022, 00:00:00"
561159492222867,https://facebook.com/561159492222867,561140215558128,"Emily Hash oh yes i forgot to mention i put some pillows and a soft carpet below the swing so that if by chance any mishap happens there’s cushioning for support !
Good luck 🙂","06/16/2022, 00:00:00"
561175278887955,https://facebook.com/561175278887955,561140215558128,Emily Hash the only time I can get my son to sleep without me holding him (collic) is by swaddling him tight and placing him in the swing with a binky if he wants it.. if I buckle him it will wake him up or just make him mad lol so I just watch him sleep and do near by tasks or use my carrier.,"06/16/2022, 00:00:00"
562155245456625,https://facebook.com/562155245456625,561132925558857,I love his bodysuite 😍,"06/18/2022, 00:00:00"
561192625552887,https://facebook.com/561192625552887,561132925558857,It gets better mama 🤞,"06/16/2022, 00:00:00"
561642765507873,https://facebook.com/561642765507873,561132925558857,Try grippe water or gerber soothe,"06/17/2022, 00:00:00"
561274852211331,https://facebook.com/561274852211331,561132925558857,BioGaia helped us immensely with colics.,"06/17/2022, 00:00:00"
561184672220349,https://facebook.com/561184672220349,561132925558857,I didn’t read the comments but Amazon has a baby belly band/bind for colic!!! Just another thought!,"06/16/2022, 00:00:00"
561615135510636,https://facebook.com/561615135510636,561132925558857,Babies magic tea was our life saver!!!,"06/17/2022, 00:00:00"
561544075517742,https://facebook.com/561544075517742,561132925558857,My dad gave me fresh goats milk and within 2 days I was over it!!!,"06/17/2022, 00:00:00"
562465555425594,https://facebook.com/562465555425594,561132925558857,I haven’t personally tried this myself but it might be worth a try!!!,"06/18/2022, 00:00:00"
561199552218861,https://facebook.com/561199552218861,561132925558857,"Willbys is the only thing that worked for me.
https://
willbys.com.au/

I tried everything until I got recommended willbys.
- colic massages
- gripe water
- probiotics
- infacol
- changed bottles to dr browns
- changed formula to aptamil colic
- burped baby every 20mls
- tummy time

None of these worked!! But willbys has been a life saver.","06/16/2022, 00:00:00"
561569668848516,https://facebook.com/561569668848516,561132925558857,"Baby ktan wrap was a life saver!

Also start probiotics like today!","06/17/2022, 00:00:00"
561691138836369,https://facebook.com/561691138836369,561132925558857,Do you formula feed? My baby was like that to the blue can from even to all night so I we switch to the orange top,"06/17/2022, 00:00:00"
561691602169656,https://facebook.com/561691602169656,561691138836369,Crystal N. Scribner I breastfeed,"06/17/2022, 00:00:00"
561173938888089,https://facebook.com/561173938888089,561132925558857,Stand in the bathroom with the shower on and stand In the steam for a little while,"06/16/2022, 00:00:00"
561139592224857,https://facebook.com/561139592224857,561132925558857,"I have used a baby carrier, definitely try it one more time! He loves being outside but with this Texas heat it just get too hot for the both of us (and about the time his colic is the worse it’s when it’s super hot out)

Thank y’all I just feel so helpless when it comes to knowing what to do.","06/16/2022, 00:00:00"
561165032222313,https://facebook.com/561165032222313,561132925558857,"My son was colic for 7 months. Forget the mess … this time won’t be here forever and it will pass. Every stage comes with its challenges. If you need to put the broom down or leave the laundry or dishes then you do that. He needs you. Rock that baby and love him and don’t feel anxious about the rest (try not to). My son would only sleep in my arms .. then he was able to sleep in his bassinet, and swing. Then I’d try him with his head elevated in his crib , that worked sometimes but I’ve had to lay down with him for almost every nap and bedtime to get him to sleep and would transfer him to his crib and he would wake so … here we are 20 months later still co-sleeping. You do what you need to do to get them to sleep. They do most of their growing in their sleep so it’s important they get a certain amount in a day. Especially at this age. Keep him upright for 15-30 minutes (the longer the better) after feeds. Burping REALLY well.. not too hard but firm. Rubbing is good too. Massaging lightly on tummy. Pumping legs like he’s riding a bike. Stretches and lots of tummy time. A lot of burping and burp for a very long time until you get something … they store it way down deep and you may stop and think they don’t need to and move on thinking they are upset for something else. Warm baths. Oval drops and gripe water. Burp throughout feeds (after every 1oz) and you’ll be surprised how much comes out. It will reduce spit up too. My son slept on my chest for a while too .. you’ll get through this. We will always have a mess to clean or things to do but we will not always have them at this age at this moment again. It’s hard don’t get me wrong and stressful at times and I’ve cried a lot lol but it does get better but just try to enjoy the time while you can. Best way you can. If you have to lay down with him then bonus - you sleep too. Keep his head elevated though : crib wedge, bouncer, swing, or car seat. Be near while they are sleeping in them and make sure they are safe and fastened in but it was the only place my son would sleep and I hated it for many reasons but honestly , we have to do what we have to do. I made sure it was safe and I was always by his side he was never left alone in them unless I ran to the bathroom quick but he was buckled in or whatever and I made sure I did co-sleeping safely and although for a while I could hardly sleep because I would always be checking .. he was actually sleeping meaning I could sleep for even 2 hours. Good luck ♥️ stay positive and know he’s in pain and wants his mama close ♥️","06/16/2022, 00:00:00"
561609772177839,https://facebook.com/561609772177839,561132925558857,Tiffani Dubey,"06/17/2022, 00:00:00"
561604655511684,https://facebook.com/561604655511684,561132925558857,Kit-kit Omrelap Odargas,"06/17/2022, 00:00:00"
563735671965249,https://facebook.com/563735671965249,561132925558857,"I just wanna tell ya as an older mom I never once looked back and was missing where I had a messy house. I definitely look back wishing I had held /rocked /loved on my kids more.
Totally not bashing you. Give yourself grace. It's OK to let stuff go rn. He doesn't know why it hurts. I used to use a rice heating pad and put my daughter belly to belly and we'd walk the hallway","06/20/2022, 00:00:00"
561740058831477,https://facebook.com/561740058831477,561132925558857,Our pediatric GI put us on these and they are pure magic! After about two weeks their colicky cries started to ease up!,"06/17/2022, 00:00:00"
562958855376264,https://facebook.com/562958855376264,561740058831477,Hahnna Zebert we swear by this 🙌🏼,"06/19/2022, 00:00:00"
562979795374170,https://facebook.com/562979795374170,561740058831477,Hahnna Zebert love thisssss stuff!!,"06/19/2022, 00:00:00"
561821028823380,https://facebook.com/561821028823380,561132925558857,Wear him in a sling or carrier.,"06/17/2022, 00:00:00"
561149155557234,https://facebook.com/561149155557234,561132925558857,Burp him through each feeding.,"06/16/2022, 00:00:00"
561521828853300,https://facebook.com/561521828853300,561132925558857,Try a dairy free diet. Helped my colicky baby a lot,"06/17/2022, 00:00:00"
561159475556202,https://facebook.com/561159475556202,561132925558857,6 to 8 week growth spurt for usnwasnreally rough,"06/16/2022, 00:00:00"
564723848533098,https://facebook.com/564723848533098,561132925558857,I love his jumpsuit💚😍,"06/22/2022, 07:21:12"
563619561976860,https://facebook.com/563619561976860,561132925558857,If your bottle feeding try doctor browns bottles,"06/20/2022, 00:00:00"
563041482034668,https://facebook.com/563041482034668,561132925558857,"Cranial osteopath/
chiropractor 100%","06/19/2022, 00:00:00"
562190308786452,https://facebook.com/562190308786452,561132925558857,"https://
www.facebook.com
/
BABY-Formula-Sup
plies-107230398
678846/","06/18/2022, 00:00:00"
562044262134390,https://facebook.com/562044262134390,561132925558857,Try resifuran or fungizone for colics.,"06/18/2022, 00:00:00"
561812672157549,https://facebook.com/561812672157549,561132925558857,"Hey guys 3 ways to help baby sleep instant baby sleep plan let's your child helps 89% of parents. If you want to get this method, comment info below or message me and I will give you details on your FB messenger...!!","06/17/2022, 00:00:00"
561581188847364,https://facebook.com/561581188847364,561132925558857,Infacol and probiotics the best combination for colics!,"06/17/2022, 00:00:00"
561567038848779,https://facebook.com/561567038848779,561132925558857,Gripe water gel! 🙌🏼,"06/17/2022, 00:00:00"
561477375524412,https://facebook.com/561477375524412,561132925558857,"Probiotic drops and buckle up for the ride🤣, it will end!","06/17/2022, 00:00:00"
561308768874606,https://facebook.com/561308768874606,561132925558857,Hi just wanted to recommend this pills to you - i was also struggling with mastitis and this pills were a life saver. And for the baby i hope things get better ❤️,"06/17/2022, 00:00:00"
561267218878761,https://facebook.com/561267218878761,561132925558857,Buy this it real help R127 at click n shoprite,"06/17/2022, 00:00:00"
561266775545472,https://facebook.com/561266775545472,561132925558857,Buy this it real help R127 at click n shoprite,"06/17/2022, 00:00:00"
561221945549955,https://facebook.com/561221945549955,561132925558857,Ashlee Johnston,"06/17/2022, 00:00:00"
561205922218224,https://facebook.com/561205922218224,561132925558857,Gripe water an peppermint water!!!,"06/16/2022, 00:00:00"
561188455553304,https://facebook.com/561188455553304,561132925558857,Nighttime gripe water,"06/16/2022, 00:00:00"
561177472221069,https://facebook.com/561177472221069,561132925558857,Lavender shampoo baths and gripe water,"06/16/2022, 00:00:00"
561148008890682,https://facebook.com/561148008890682,561132925558857,Baby wearing! 😊💕,"06/16/2022, 00:00:00"
561147232224093,https://facebook.com/561147232224093,561132925558857,sorry no tips but i love your little guys onsie 🥺💙 where’d you get it ??,"06/16/2022, 00:00:00"
561148072224009,https://facebook.com/561148072224009,561147232224093,Angelica Torres tj-max,"06/16/2022, 00:00:00"
561139918891491,https://facebook.com/561139918891491,561132925558857,Grape water,"06/16/2022, 00:00:00"
561139348891548,https://facebook.com/561139348891548,561132925558857,Babywearing,"06/16/2022, 00:00:00"
561137652225051,https://facebook.com/561137652225051,561132925558857,Saved me over here,"06/16/2022, 00:00:00"
