﻿id,url,reply_to,text,time
561717582167058,https://m.facebook.com/groups/babysleeptrainingtips/permalink/561717582167058/,,"My son is a month old and loves sleeping on his belly, if he’s on his belly during the day he’ll sleep for maybe an hour to an hour and half, we’re scared to let him sleep on his belly at night, as soon as we lay him down he’s wide awake again, do y’all have any suggestions? (this is what he sleeps in)","06/17/2022, 20:15:13"
562991135373036,https://facebook.com/562991135373036,561717582167058,My 3 month old HATES being swaddled & HATES sleeping on his back unless for a nap. His bassinet is right beside my bed all night & I check on him frequently. Belly sleeping can be okay. I definitely wouldn’t suggest doing it until they are able to move their head around comfortably & can lift it up pretty high. My little guy has been holding his head up since birth so I was comfortable letting him sleep on his belly. I probably wouldn’t let him sleep on his belly in that lounger because the sides are too close to their face. You do what you’re comfortable with just know the risks. Every baby is different & not everything works the same for all of them. ❣️,"06/19/2022, 00:00:00"
563718185300331,https://facebook.com/563718185300331,561717582167058,"I have a question. We were all put to bed on our stomachs. We all survived. During naps, supervised, she can certainly put her baby down however he’s comfortable. At night, certainly follow the recommendations
, of back to sleep. You could also co sleep… mom of 6 here. I’d call that a professional 😁 Chevy congrats on the beautiful baby 🥰","06/20/2022, 00:00:00"
564071315265018,https://facebook.com/564071315265018,561717582167058,He is too small to be sleeping like this unattended. Tummy time needs to be supervised like a hawk right now. Plz do not put your baby face down for a nap until he can hold his head up by himself.,"06/21/2022, 00:00:00"
563678865304263,https://facebook.com/563678865304263,561717582167058,"My baby was the same way. I would monitor him during the day and once i realized he could turn his head hold it up long enough i let him sleep one his “tube” ( that’s what we call what he sleeps in the same as your photos) next to my side of the bed. Do i wake up to almost every noise he makes yes but he’s 3 months old and can hold his head up long enough to make noises for us to get him. He’s been sleeping on his stomach sine 2 months.
Hang in there mama. Trust you. You know your baby. The first few nights were stressful but you’ll be surprised how strong they are and know if they need to move.","06/20/2022, 00:00:00"
563686225303527,https://facebook.com/563686225303527,561717582167058,"I have to be honest with everyone. Let me introduce myself. I’m a Newborn Care Specialist, Postpartum and Infant Care Doula, a mom of 3 adult kids and grandma of 1. This has been my professional career for over 17 years.
I have a question, is it worth taking this risk knowing it can cause suffocation, God forbid you fall asleep while baby is in this position??? I can completely understand that all new parents are sleep deprived, another huge reason not to have your newborn sleep in that position as chances are you will fall asleep while “ watching” the baby sleep in safely.
I’m not here to judge but just bring AWARENESS.

My suggestion is this, watch dr Harvey Karp video on YouTube about the 5 s’s
So this and stick with it for 20 min. If baby didn’t settle, it’s probably time for a feed. Also when a baby first falls asleep they go into REM sleep, at that point you can’t put them down, they will wake up again as it’s such light sleep. Hold them until they go into non rem, which is deep, restorative sleep.

I hope my advise can help and please practice safe sleep. 💝","06/20/2022, 00:00:00"
564478668557616,https://facebook.com/564478668557616,563686225303527,"Trui Van de Bourry seperate question but I do want to look into the video you suggested.. when do you suggest they can fall asleep on their own, awake yet drowsy? I struggle with when so it doesn't become a need to always be held","06/21/2022, 22:17:52"
564512341887582,https://facebook.com/564512341887582,563686225303527,"Camille Thurman Conner the first month of life I’m all about holding your baby as much as you can. I typically start around 4 weeks to teach them to go down awake but drowsy. Babies go into REM sleep first so this is the active sleep where you will see Thor eyes flutter, breathing is faster, they make all the cute faces. This is the sleep where their brain is super busy processing. During REM sleep they are easy to wake, that’s why a lot of parents struggle as they say as soon as I put baby down he wakes up again, that’s why the importance of having baby fall asleep in bassinet, crib on own with guidance from parent. I put my hand on chest and move from side to side to their head becomes like a little bobble head moving side to side, that will help, swaddle, and white noise too, pacifier if wanted, needed. It’s all called sleep conditioning, there’s no crying involved, if baby gets upset, pick up, comfort and try again.
It takes practice over and over.","06/22/2022, 00:17:52"
564587608546722,https://facebook.com/564587608546722,563686225303527,Trui Van de Bourry thank you! My little is 2 weeks and was not ready. She is also struggling to nap in the late afternoon/ evening.,"06/22/2022, 03:17:52"
564777218527761,https://facebook.com/564777218527761,563686225303527,"Camille Thurman Conner at 2 weeks old hold your baby. Bonding is so important at this moment. When you need a break ( as we all do to shower, eat ect) place baby in bassinet when in a deep sleep. Not REM sleep","06/22/2022, 09:17:52"
563080562030760,https://facebook.com/563080562030760,561717582167058,"We received this during baby shower and I think I will give a try for the naps as well. So maybe this could help you :) some mom in this group said, that even midwife approved it and in general only good feedback","06/19/2022, 00:00:00"
563140898691393,https://facebook.com/563140898691393,563080562030760,Salestina Eglynaitė I have this and love it! My son has been sleeping all night just about every night since 3 months. I like how it holds his legs up a little so it feels like he’s being held. And keeps him from rolling because we still swaddle,"06/19/2022, 00:00:00"
561814925490657,https://facebook.com/561814925490657,561717582167058,"Until he was like 10 weeks if ever he was sleeping at night on his tummy we would put his bassinet in our room so we could keep an eye on him but now he has such great head control and can move it around on his own that we just put him in his crib and he sleeps like a champ.

I would say if you are going to put him in his crib or bassinet to sleep at night , I would put him directly on the mattress instead of the snuggle me just in case he moves to the sides ☺️

But also whatever works for you guys & you are more comfortable with!","06/17/2022, 00:00:00"
563051022033714,https://facebook.com/563051022033714,561717582167058,"That is not a safe sleep space, love. He needs to be in a bassinet, pack n play, or crib. If he can roll onto his tummy to sleep, it is okay to leave him on his tummy, but he should always be placed on his back initially to sleep.","06/19/2022, 00:00:00"
563641781974638,https://facebook.com/563641781974638,563051022033714,Jillian Davis agree. I think what he is sleeping in might pose more of a danger than him sleeping on his belly,"06/20/2022, 00:00:00"
561734318832051,https://facebook.com/561734318832051,561717582167058,I let mine sleep on his tummy since that was the way he was most comfortable and slept the best! But I would agree and suggest not to let him sleep in this at night so there is no hazards but through the day if you're awake then I'm sure this is fine,"06/17/2022, 00:00:00"
561735872165229,https://facebook.com/561735872165229,561717582167058,Our daughter sleeps on her tummy with an owlet sock on it n her bassinet most the light and then with me when she can’t sleep. Do what works for you. I was worried about SIDS so I bought the sock and monitor for her room. Which she will be moving there next month….. I think 😄,"06/17/2022, 00:00:00"
561759655496184,https://facebook.com/561759655496184,561717582167058,My best friend said her baby was miserable sleeping any way except on his belly from basically day one. They tried everything but he just would keep waking unless on his belly. They knew it was not ideal but just ended up splurging on the Newton breathable mattress for peace of mind and so he could sleep how he wanted. He’s been totally fine and is a happy healthy 9 month old.,"06/17/2022, 00:00:00"
561721555499994,https://facebook.com/561721555499994,561717582167058,My son has slept on his stomach since he was born. Every baby is different. I wouldn't suggest letting your baby sleep in that unless you are watching him because of the sides and the risk of suffocating. My son is 5 months old and we never had any issues. He refuses to sleep on his back 🤷🏽‍♀️,"06/17/2022, 00:00:00"
561722118833271,https://facebook.com/561722118833271,561721555499994,Alexus Wyatt do y’all let him just sleep in yalls bed or in his own bed,"06/17/2022, 00:00:00"
561722842166532,https://facebook.com/561722842166532,561721555499994,Chevy Ryan we stopped putting him in the bed around 2 months. He would sleep half the night in his bassinet and the other half in our bed. We moved him to his crib in his room at around 2.5 months because he's so tall and out grew his bassinet 😂,"06/17/2022, 00:00:00"
561723735499776,https://facebook.com/561723735499776,561721555499994,Okay thank you!!,"06/17/2022, 00:00:00"
561763278829155,https://facebook.com/561763278829155,561721555499994,Chevy Ryan no problem!,"06/17/2022, 00:00:00"
561989975473152,https://facebook.com/561989975473152,561721555499994,Alexus Wyatt mine too his refusing to sleep otherwise except for tummy,"06/18/2022, 00:00:00"
562079898797493,https://facebook.com/562079898797493,561721555499994,"Alexus Wyatt I'm curious, when you say crib is that a cot? I'm from New zealand and totally thought a crib was a bassinette 🤦🏽‍♀️🤣","06/18/2022, 00:00:00"
562102152128601,https://facebook.com/562102152128601,561721555499994,Chevy Ryan yes crib is a cot,"06/18/2022, 00:00:00"
562170808788402,https://facebook.com/562170808788402,561721555499994,"Nthabidada TshimoDee Madiseng Semenya yeah, some babies are just tummy babies 🤍","06/18/2022, 00:00:00"
562649922073824,https://facebook.com/562649922073824,561717582167058,Also might want to check out the Babocush. A bit pricey but apparently can let baby’s sleep on their tummy’s. I still didn’t feel safe letting my son sleep in it over night but it totally helped for his day naps.,"06/19/2022, 00:00:00"
563692501969566,https://facebook.com/563692501969566,561717582167058,Mine slept on her tummy since 2 weeks old. I used a bedside bassinet and a sidecar crib. But I didn’t sleep for more than 2hrs a night for the first 7 months and used an owlet took turns on night shifts when possible.,"06/20/2022, 00:00:00"
561733425498807,https://facebook.com/561733425498807,561717582167058,"I would ditch the lounger (major suffocation risk) and place baby on his back always. Putting a baby on their belly when they aren’t developmentally
able to roll onto their belly is also unsafe. I would try a swaddle to see how that works. You’ll get longer stretches soon enough though!","06/17/2022, 00:00:00"
563140055358144,https://facebook.com/563140055358144,561717582167058,A magic Merlin sleep suit is what i swear by! My baby wouldn’t sleep in anything else besides it. He was also a tummy preferred sleeper and this helped him feel cozy enough to sleep on his back,"06/19/2022, 00:00:00"
561989222139894,https://facebook.com/561989222139894,561717582167058,My son is also 1month n sleeps only on his tummy but I make sure I remove any thing around him like bip so it does not block his nose n he can turn his head however way he wants reported to his pediatrician he said as long as we keep an n eye on him now n then so even at night I make sure I keep checking up on him,"06/18/2022, 00:00:00"
561743298831153,https://facebook.com/561743298831153,561717582167058,Sleep consultant here 🖐 Belly sleeping and the lounger aren't safe for your little one. Try swaddling the little cutie and placing him on his back on a flat and firm surface ❤️,"06/17/2022, 00:00:00"
562999688705514,https://facebook.com/562999688705514,561717582167058,At 1 month old he should never be sleeping on his stomach. Check with your pediatrician,"06/19/2022, 00:00:00"
562393302099486,https://facebook.com/562393302099486,561717582167058,My son is the same. He’s a month old too and would not sleep on his back or side for nothing. The minute I change his sleeping position he will wake up after a couple mins,"06/18/2022, 00:00:00"
563844305287719,https://facebook.com/563844305287719,561717582167058,"If he only sleeps on his tummy, put him in a space that doesn’t have pillows or blankets around. This is unsafe. Put him in his bassinet completely by himself. It’s not “safe sleep”, but sooo much safer than this!","06/20/2022, 00:00:00"
561877605484389,https://facebook.com/561877605484389,561717582167058,"Mine is 8 months old and is a belly sleeper.
I think if it's a safe sleeping environment and babies head/neck control is good it should be ok.
Sadly SIDS can happen regardless of the sleep environment. Some mums follow the rules to a tee and due to genetics it happens anyway.","06/17/2022, 00:00:00"
563602758645207,https://facebook.com/563602758645207,561717582167058,"Just make sure the bed is not so soft,don't put bedshits that will make him suffocate.then let him sleep like he wants.my baby is the same","06/20/2022, 00:00:00"
561816388823844,https://facebook.com/561816388823844,561717582167058,I feel like just letting him sleep on his belly on a regular mattress would be MUCH safer than this. It’s too soft,"06/17/2022, 00:00:00"
561728642165952,https://facebook.com/561728642165952,561717582167058,I would let mine sleep on the tummy but not in this mama. Only on a firm mattress in the crib. If you can't live with out a nest at least look I to the purflo breathable nest. It's the only one on the market that is breathable and safe for sleep,"06/17/2022, 00:00:00"
563615611977255,https://facebook.com/563615611977255,561717582167058,If he was on a flat surface this would be much better. Those pillow sides 😳,"06/20/2022, 00:00:00"
563747211964095,https://facebook.com/563747211964095,561717582167058,My son did the same thing he’s 7 months now. We rolled up a blanket and but in behind him and between his legs I forget what they call it. But it worked for a while. I feel like if they can lift their heads it’s ok.,"06/20/2022, 00:00:00"
563644655307684,https://facebook.com/563644655307684,561717582167058,My 2 month old is the same way until I started using the dreamland baby swaddle. Now he’s sleeping from 9pm to 6am,"06/20/2022, 00:00:00"
561767592162057,https://facebook.com/561767592162057,561717582167058,Get an owlet sock. They also have cheaper options on Amazon and then if he sleeps on his belly you'll have peace of mind.,"06/17/2022, 00:00:00"
563667801972036,https://facebook.com/563667801972036,561717582167058,Both my baby’s slept on there belly’s as they wouldn’t sleep any other way 😊,"06/20/2022, 00:00:00"
563677968637686,https://facebook.com/563677968637686,561717582167058,So my son has been sleeping o his tummy since about 4 weeks when he could turn his head. It’s the only way he will sleep that is not with me,"06/20/2022, 00:00:00"
561853942153422,https://facebook.com/561853942153422,561717582167058,"I let my daughter sleep on belly when she was 1,5/2 months old. She slept only with matress. She was safe bc i had a breathing monitor.","06/17/2022, 00:00:00"
561723252166491,https://facebook.com/561723252166491,561717582167058,Maybe try the nested bean swaddle...it has a little weighted area on the chest and belly. That might mimick the pressure of belly sleeping?,"06/17/2022, 00:00:00"
561724128833070,https://facebook.com/561724128833070,561723252166491,Kahlin Kelly okay thank you,"06/17/2022, 00:00:00"
561728618832621,https://facebook.com/561728618832621,561717582167058,my 9 month old sleeps on belly from day one,"06/17/2022, 00:00:00"
562074448798038,https://facebook.com/562074448798038,561717582167058,"My boy sleeps in his tummy since he was 3 months. I couldn’t get him on his back.
That thing your baby is sleeping in is a bit of a concern. Too much of a suffocation risk.
Am open crib with no blankets would be better.

But I would definitely get the owlette sock. 1 month is very early.","06/18/2022, 00:00:00"
563361952002621,https://facebook.com/563361952002621,561717582167058,I wouldn’t put him in this particular thing to sleep on his belly.,"06/20/2022, 00:00:00"
563645745307575,https://facebook.com/563645745307575,561717582167058,Michelle Ferris,"06/20/2022, 00:00:00"
563386982000118,https://facebook.com/563386982000118,561717582167058,wow so so so cute,"06/20/2022, 00:00:00"
563007882038028,https://facebook.com/563007882038028,561717582167058,Try side sleeping,"06/19/2022, 00:00:00"
561808612157955,https://facebook.com/561808612157955,561717582167058,Sleep sack,"06/17/2022, 00:00:00"
561721885499961,https://facebook.com/561721885499961,561717582167058,A swaddler,"06/17/2022, 00:00:00"
