﻿id,url,reply_to,text,time
562004008805082,https://m.facebook.com/groups/babysleeptrainingtips/permalink/562004008805082/,,"Good morning! So my 5.5 month old slept in his own crib last night in his own room and did awesome! Down by 7:30 and woke around 12:45 to nurse, then woke again at 4:15 to nurse. it’s 6:45 and he’s still asleep!

Two things; when did you start cutting the night feedings, and what did you all do when baby started rolling onto their bellies but then didn’t know what to do after that haha! He kinda just laid in cobra position until I went and rolled him back over.

Here’s my handsome boy 🤍","06/18/2022, 06:46:26"
562593218746161,https://facebook.com/562593218746161,562004008805082,"We cut all night feedings when baby reached 11lbs at about 10 weeks. But please note, you need to make sure he/she is able to drink all required ounces during the day otherwise, do not cut the night feeds.","06/18/2022, 00:00:00"
563999785272171,https://facebook.com/563999785272171,562593218746161,Deanna Monestero is there a chart of all required ounces?,"06/21/2022, 00:00:00"
562196872119129,https://facebook.com/562196872119129,562004008805082,We got super lucky and the first time our boy rolled onto his belly in the crib (like 3 days ago) I just waited him out. He fussed a bit and then was outcold from 8pm to 6am. It was unreal. I figure if he’s doing it himself he’s totally fine! He slept the last few nights but last night woke up for a feed at 2. Because he’s sick I fed him but when he’s better I’d like to slowly wean him since I know he can do it! And my GP said he’s good to night wean,"06/18/2022, 00:00:00"
562200622118754,https://facebook.com/562200622118754,562196872119129,Alexandra Molenkamp how long did you wait when he rolled on his belly??,"06/18/2022, 00:00:00"
562203028785180,https://facebook.com/562203028785180,562196872119129,I think it was maybe 5 minutes and he put himself to sleep. Had he cried I would have gone to him but he was more just grunting and fussing. His Tired noises.,"06/18/2022, 00:00:00"
562204712118345,https://facebook.com/562204712118345,562196872119129,Alexandra Molenkamp I’ll have to try that if it happens again!,"06/18/2022, 00:00:00"
562204782118338,https://facebook.com/562204782118338,562196872119129,And one of the other nights I think it took him 10 minutes from the time I put him down on his back to him settling on his tummy to fall asleep.,"06/18/2022, 00:00:00"
562008258804657,https://facebook.com/562008258804657,562004008805082,My baby stopped night feedings on her own around 2.5 months. She also now rolls on her tummy and doesn’t know what to do so I just roll her back over. Ever since I put her in the Merlin sleep suit she stop waking up to eat and sleeps through the night. Though she won’t be fitting in it much longer so I’m a little worried lol.,"06/18/2022, 00:00:00"
562794185392731,https://facebook.com/562794185392731,562004008805082,I leave my baby sleep on her tummy when she rolls to that position. Your baby is very handsome indeed :),"06/19/2022, 00:00:00"
562062252132591,https://facebook.com/562062252132591,562004008805082,"I let my baby wean night feeds herself, if they're feeding, they need it for one reason or another & will stop when they're ready. In terms of rolling, if baby gets there they can stay there is the approach I took. I could spend all night flipping my baby back but she can roll, has full head control & pushes up on her arms 🤷🏻‍♀️ that's how she's comfortable 🤷🏻‍♀️","06/18/2022, 00:00:00"
562062818799201,https://facebook.com/562062818799201,562062252132591,Faye Hannah Wallace that makes sense! He doesn’t cry he’s just confused haha and I felt the same. I’m like he is nursing not just comfort so I do know he is hungry! I’ll take a few feedings over crying anyday!,"06/18/2022, 00:00:00"
562068925465257,https://facebook.com/562068925465257,562062252132591,"Jordan Pile oh me too! Once they start crying it's ends up being such a longer time to settle & often turns into a long night! A quick nursing session is soo much easier! Part of the reason I chose to BF was to make night feeds easier!
My baby would moan to start with when on her tummy, she rolled back to front first so wouldn't know how to get back 😅 I just spent a bit of time helping her settle on her tummy, now she's on her side or tummy within 5 minute and stays there all night 😊","06/18/2022, 00:00:00"
564429201895896,https://facebook.com/564429201895896,562062252132591,Faye Hannah Wallace how old is she?,"06/21/2022, 20:16:08"
564580008547482,https://facebook.com/564580008547482,562062252132591,Tori Pierce Meier she's coming up to 8 months now but started sleeping on her tummy around 5/5 and a half months,"06/22/2022, 02:16:08"
564779961860820,https://facebook.com/564779961860820,562062252132591,Faye Hannah Wallace mine is only 3 1/2 and I’ve woken up to him on his tummy 🥴 isn’t that too young?,"06/22/2022, 09:16:08"
564784901860326,https://facebook.com/564784901860326,562062252132591,"Tori Pierce Meier I'm no expert, that's for sure! Some say they need to be able to roll both ways, some say if they get there they can stay there. Personally, I left my baby as she had good head control so I was comfortable she'd be able to move of she ended up face down. Its up to you how you feel really, you can have all the advice in the world but you know your baby best. Sorry I know that doesn't help but I'd hate to say a simple yes or no based on my/my baby's experience x","06/22/2022, 10:16:08"
564786528526830,https://facebook.com/564786528526830,562062252132591,Faye Hannah Wallace thanks I know every baby is different 😊,"06/22/2022, 10:16:08"
562052992133517,https://facebook.com/562052992133517,562004008805082,"I haven’t cut them out yet, I’m letting my son eat when he needs because sometimes he just wants the comfort(for now, may change with time lol) but, i wanted to ask. How’d your little like this toy? We have the same one but, I haven’t tried it yet. He has soo much I need to get with it😅","06/18/2022, 00:00:00"
562055428799940,https://facebook.com/562055428799940,562052992133517,Emma Kathleen Townsend he loves it!! I actually think since it’s sticky plastic it helps him sit better and have better balance!,"06/18/2022, 00:00:00"
562068992131917,https://facebook.com/562068992131917,562052992133517,Jordan Pile aww yay! I’ll have to try mine this weekend😊,"06/18/2022, 00:00:00"
562159335456216,https://facebook.com/562159335456216,562052992133517,Jordan Pile I have the same mat! We just started her on tummy time with it but she doesn’t last too long on it 😬 and then she drools over it,"06/18/2022, 00:00:00"
562055145466635,https://facebook.com/562055145466635,562004008805082,"We moved my 4 month old right at 4 months and her sleep is pretty similar. Some nights she eats less, some more. I just go off what she wants, but usually try to make sure there's around 4 hrs between feedings. When she rolls onto her tummy she usually whines and I'll wake up and go roll her back over. Yesterday she slept on her tummy for over an hour before wanting to be rolled over (I checked the camera history haha)","06/18/2022, 00:00:00"
562056675466482,https://facebook.com/562056675466482,562055145466635,Angela WM yeah I don’t really mind the night feedings but I’m similar and try to have them spaced out more because he’s at a very healthy weight!,"06/18/2022, 00:00:00"
562077455464404,https://facebook.com/562077455464404,562004008805082,I don’t have any advice but my goodness your baby is adorable!!,"06/18/2022, 00:00:00"
562091708796312,https://facebook.com/562091708796312,562077455464404,Brianna Steele thank you!!!,"06/18/2022, 00:00:00"
562169598788523,https://facebook.com/562169598788523,562004008805082,"We started weaning by offering an ounce less each week during the night feed. We got from 4 to 2 ounces, then regression hit so we went back to 3, now trying 2 again 🤣 Definitely not perfect! But we’re also moving to the crib so I’m hoping he might wean himself once in there.

Ours just started rolling too! I’ve left him until he starts crying. Hoping he eventually figures out how either roll back or wants to sleep on his belly. I agree about the “wtf” look in their faces 🤣","06/18/2022, 00:00:00"
562173732121443,https://facebook.com/562173732121443,562169598788523,Allie Denton he literally looked towards the camera and was like “ummmm somebody come help”,"06/18/2022, 00:00:00"
562231475449002,https://facebook.com/562231475449002,562169598788523,Jordan Pile like “how did I get here and someone please fix it”,"06/18/2022, 00:00:00"
562233375448812,https://facebook.com/562233375448812,562169598788523,Allie Denton exactly!! I’m like sir you just rolled yourself so roll back hahaha,"06/18/2022, 00:00:00"
562256238779859,https://facebook.com/562256238779859,562169598788523,Jordan Pile yep!,"06/18/2022, 00:00:00"
564536495218500,https://facebook.com/564536495218500,562004008805082,I couldn’t even read your post because the baby was too distractingly cute!!!!! 🥰,"06/22/2022, 01:16:04"
564575955214554,https://facebook.com/564575955214554,564536495218500,Jenna Greer thank you so much!!,"06/22/2022, 02:16:12"
564417085230441,https://facebook.com/564417085230441,562004008805082,He’s adorable 💛,"06/21/2022, 20:16:04"
562112962127520,https://facebook.com/562112962127520,562004008805082,"We only had one night or so where he didn’t want to be rolled onto his belly when he did it. After that he rolls as soon as we lay him down and sleeps that way all night, he even dropped his night feeding!","06/18/2022, 00:00:00"
562113285460821,https://facebook.com/562113285460821,562112962127520,"As long as he’s rolling himself, has good head control, and nothing else in the crib it’s safe for him to sleep on his tummy 💙","06/18/2022, 00:00:00"
562113942127422,https://facebook.com/562113942127422,562112962127520,Bethany Jackson Crews thank you! Did they wake up the first time they rolled onto belly? I just get nervous he will just feel stuck haha,"06/18/2022, 00:00:00"
562114958793987,https://facebook.com/562114958793987,562112962127520,"Jordan Pile yes, the first couple nights it woke him up, but now he just rolls over and sleeps that way all night - once he got used to his new mobility he likes it!","06/18/2022, 00:00:00"
562060048799478,https://facebook.com/562060048799478,562004008805082,"I did the Ferber method to help with falling asleep but after that he cut out the night feeds! He was 6 months, but his adjusted age was 4.5 month. Mine rolls onto his belly sometimes too and I’ve been trying to help him learn how to roll back, but we haven’t mastered that quite yet!","06/18/2022, 00:00:00"
562060575466092,https://facebook.com/562060575466092,562060048799478,Cassie Alsup Patterson he just lays there with a confused look like “ok someone come help me” haha,"06/18/2022, 00:00:00"
562063265465823,https://facebook.com/562063265465823,562060048799478,Jordan Pile that’s nice! Mine gets pissed and screams into the void until we come get him (which is pretty quick we he’s in his belly). He’s a little dramatic. 🤣,"06/18/2022, 00:00:00"
562064222132394,https://facebook.com/562064222132394,562060048799478,I’m like sir you got there yourself so just roll back! Lol I swear he’s so lazy sometimes,"06/18/2022, 00:00:00"
562702815401868,https://facebook.com/562702815401868,562004008805082,Such big beautiful eyes 😍,"06/19/2022, 00:00:00"
562505178754965,https://facebook.com/562505178754965,562004008805082,UPDATE! He rolled on belly and stayed on his belly! Is he ok!?!?,"06/18/2022, 00:00:00"
562506888754794,https://facebook.com/562506888754794,562505178754965,Jordan Pile,"06/18/2022, 00:00:00"
562508748754608,https://facebook.com/562508748754608,562505178754965,Jordan Pile yep! He should be fine!,"06/18/2022, 00:00:00"
562509088754574,https://facebook.com/562509088754574,562505178754965,Cassie Alsup Patterson I’m freaking out but he’s content and asleep!,"06/18/2022, 00:00:00"
562509365421213,https://facebook.com/562509365421213,562505178754965,"Jordan Pile yeah, he looks good to me 🙂","06/18/2022, 00:00:00"
562516295420520,https://facebook.com/562516295420520,562505178754965,Jordan Pile he’s good he put himself there he can move if he needs to. My son started rolling in the middle of the night on his belly a week or two ago and is completely fine. But he is also still in his bassinet next to me so i can check on him easily. I don’t want to transition him to his crib yet 🥺,"06/18/2022, 00:00:00"
562516672087149,https://facebook.com/562516672087149,562505178754965,Tamaron M. D'Ignoti I didn’t either but with the rolling and him hitting edges he was just too big for the bassinet 😞,"06/18/2022, 00:00:00"
562519245420225,https://facebook.com/562519245420225,562505178754965,"I get that! I have a decent size bassinet but he’ll still scoot around or move to the edges of each side, I’m gonna have to soon 🥺","06/18/2022, 00:00:00"
562519828753500,https://facebook.com/562519828753500,562505178754965,Tamaron M. D'Ignoti take your time! We started with naps first!,"06/18/2022, 00:00:00"
562519898753493,https://facebook.com/562519898753493,562505178754965,By morning he’ll be on his belly lol,"06/18/2022, 00:00:00"
562520158753467,https://facebook.com/562520158753467,562505178754965,Too cute!,"06/18/2022, 00:00:00"
562521515419998,https://facebook.com/562521515419998,562505178754965,"Jordan Pile luckily he can nap anywhere so he has been in his bassinet crib and pack and play and on me for naps but i definitely need to make it his crib more often since he’ll be sleeping in there so he can get more used to it, time to buy mesh siding for the crib lol","06/18/2022, 00:00:00"
563537781985038,https://facebook.com/563537781985038,562004008805082,Your boy is so handsome,"06/20/2022, 00:00:00"
563549595317190,https://facebook.com/563549595317190,563537781985038,Tuya Otos thank you!!,"06/20/2022, 00:00:00"
562191262119690,https://facebook.com/562191262119690,562004008805082,"Wow, when he started sitting like this?","06/18/2022, 00:00:00"
562191468786336,https://facebook.com/562191468786336,562191262119690,Adnna Botić around 4.5 months!,"06/18/2022, 00:00:00"
562192965452853,https://facebook.com/562192965452853,562191262119690,Jordan Pile Amazing!! Did he get up by himself or you helping him? My baby girl it tuning 5 in few days but she is just rolling for now...,"06/18/2022, 00:00:00"
562193382119478,https://facebook.com/562193382119478,562191262119690,I would sit him and sit behind him! We practiced a bit then he did the tripod but now he sits pretty much by himself!,"06/18/2022, 00:00:00"
562057382133078,https://facebook.com/562057382133078,562004008805082,Question. When did he start sitting up on his own,"06/18/2022, 00:00:00"
562058885466261,https://facebook.com/562058885466261,562057382133078,Jaz Jess he still needs a bit of support but around 4.5 months!,"06/18/2022, 00:00:00"
562059232132893,https://facebook.com/562059232132893,562057382133078,Jaz Jess I usually place a rolled blanket just in case he flings himself backwards lol,"06/18/2022, 00:00:00"
562059265466223,https://facebook.com/562059265466223,562057382133078,Jordan Pile my baby just turned 5 months and not able to sit up. His neck still isn't very strong,"06/18/2022, 00:00:00"
562059735466176,https://facebook.com/562059735466176,562057382133078,I think that’s normal tho! My son has been freakishly strong but we do a lot of tummy time so that’s helped!,"06/18/2022, 00:00:00"
562061462132670,https://facebook.com/562061462132670,562057382133078,Jordan Pile yeah My baby does not like Tummy time at all,"06/18/2022, 00:00:00"
562062322132584,https://facebook.com/562062322132584,562057382133078,Jaz Jess I swear they either love it or hate it. My son hated it at first but over time he tolerated it and now he likes it! I think being in daycare helps because they make him do it and he just got used to it haha! Best wishes to you and your little one! You got this!,"06/18/2022, 00:00:00"
562120432126773,https://facebook.com/562120432126773,562004008805082,Sabrina Miranda,"06/18/2022, 00:00:00"
564416998563783,https://facebook.com/564416998563783,562004008805082,Following - my son has been rolling on his tummy the last 2 nights freaks me out:/,"06/21/2022, 20:16:04"
562463472092469,https://facebook.com/562463472092469,562004008805082,his eyessss 😍,"06/18/2022, 00:00:00"
562387182100098,https://facebook.com/562387182100098,562004008805082,"Following, mines in the same cobra boat","06/18/2022, 00:00:00"
562159725456177,https://facebook.com/562159725456177,562004008805082,So adorable!❤️,"06/18/2022, 00:00:00"
562076315464518,https://facebook.com/562076315464518,562004008805082,Envious,"06/18/2022, 00:00:00"
