﻿id,url,reply_to,text,time
562280428777440,https://m.facebook.com/groups/babysleeptrainingtips/permalink/562280428777440/,,Just wondering what everyone's schedule/wake windows look like with their 5 month olds 🥰 my guy is still waking every 3-4 hours at night so looking for tips throughout the day to get him to sleep better at night.,"06/18/2022, 14:46:30"
564406935231456,https://facebook.com/564406935231456,562280428777440,Mine slept through from just a few weeks old i was truly blessed however he’s now teething and he’s all over the place. One thing I would recommend doing is bath bottle bed at the same time every night. White noise if u havnt already tried that. And maybe an extra ounce in the bed time bottle too. Maybe he’s hungry still he’s a big boy like mine and that’s what I did for him he slept like a dream before teething. Also told someone else on here to do that and the next day she messaged saying he slept through the night good luck 🙌🏻,"06/21/2022, 20:06:54"
562336275438522,https://facebook.com/562336275438522,562280428777440,He looks like a very healthy baby. So I'd say he will continue feeding frequently. Ensure he feeds every 3 hours during the day to keep calorie intake up.,"06/18/2022, 00:00:00"
562577118747771,https://facebook.com/562577118747771,562336275438522,Natasha Chant I was gonna say the same! Lol. My chunk still wakes up so much at night🤣they’re just hungry.,"06/18/2022, 00:00:00"
563794115292738,https://facebook.com/563794115292738,562280428777440,"Mine is 5 months and has been sleeping 10.5 hours each night. I keep him very active during the day and let him nap when needed. He uses a Walker, jumper and we do tummy time/ entertainment activity floor mat. He also eats baby food and some regular food. He sleeps well now.","06/20/2022, 00:00:00"
563343822004434,https://facebook.com/563343822004434,562280428777440,"My little one is 6 months as was doing the same
3 days ago I decided it was time to move her into her own room, we have had the whole bath bottle bed routine for quite a while and she has mostly settled well though would wake every 3 hours
Since being in her room
Day one was tough-
she settled at 7/8 ish (Normally would be 6) and was quite unsettled but then woke at 11 and again at 2
Day two she settled after bath and bottle at 6pm slept till 11 I changed her bum and gave her a bottle and then she slept till 6:30! I can’t remember the last time I had a WHOLE 6 hours sleep
It’s not easy letting them settle themselves as she occasionally wakes a little and yesterday she didn’t nap in the day was that was tough but I feel you kind of have to be cruel to be kind
Good-luck xx","06/20/2022, 00:00:00"
562469455425204,https://facebook.com/562469455425204,562280428777440,"Honestly, I had a big baby also. She just turned 1 yr a few days ago and slept through the night for the first time the two nights following her bday. They just need the calories! He will sleep longer when he is ready but I think that is perfectly normal for now. Hang in there!","06/18/2022, 00:00:00"
564046081934208,https://facebook.com/564046081934208,562469455425204,P.s after the two days she is still back to waking up to eat🤦‍♀️🤷‍♀️. It was nice while it lasted.,"06/21/2022, 00:00:00"
563644031974413,https://facebook.com/563644031974413,562280428777440,My 10 months old twins just started sleeping better. But still wake up once in the middle of the night. It’s been rough but I feel it’s finally getting better 🙏🏼🙏🏼🙏🏼 I feel the key for us was three meals through the day and giving them dinner close to bed time so they are full when they go to sleep ❤️❤️ good luck🥰,"06/20/2022, 00:00:00"
562496818755801,https://facebook.com/562496818755801,562280428777440,"Everyone is different but my five month old is on a schedule of 2 hours for wake windows for her naps we are doing 2- 1.5 hour naps then a 45 at the end of the day, the huckleberry app sucks to keep track of everything but their sleep samples are the best! I highly recommend a google search for them❤️❤️","06/18/2022, 00:00:00"
563604115311738,https://facebook.com/563604115311738,562496818755801,"Jessica Longbrake I love and use the Huckleberry app. The Sweet Spot feature is really helpful.

My LO is 5.5 months and I can’t seem to get her to sleep long enough during naps.

We are still on the 4 nap schedule. Hoping to move to 3 naps at 6 months.

She goes to bed around 7. She only wakes 1-2 times a night for a feed.","06/20/2022, 00:00:00"
563606245311525,https://facebook.com/563606245311525,562496818755801,"Sara Snyder omg the sweet spot looked amazing I am just awful at opening the app and tracking lol- we hit the same problem last week until I switched the curtains in the room and used a different sound to keep her asleep, brown noise might help❤️ who knew all the colors had noises?","06/20/2022, 00:00:00"
563663911972425,https://facebook.com/563663911972425,562496818755801,"Jessica Longbrake I just heard about pink noise! Now brown…I’ll have to get details.

We have a Hatch sound machine. I’ll play around with it some more.

I JUST ordered a blackout curtain for her room (where I’ve been trying to get her to go down for naps in her own in her crib). It’s a struggle. She’s still nursing to sleep most of the time. Then wakes when I put her down.

I try to put her down awake first. But she’s not having it these days.

Now we are on vacation and all that practice is out the window. 😂

I’m a teacher and off for the summer. I’m trying to get her used to going down in her room by the fall.

She still sleeps in our room in a pack n play at night.

Hopefully she’ll start to figure it out in the next few weeks. 🤞🏻

Hugs to ALL the parents out here just trying to figure it out.","06/20/2022, 00:00:00"
562447322094084,https://facebook.com/562447322094084,562280428777440,My son is also same age and doing the same. I took the sleep courses and I've got it in the back of my mind but I'm still feeding at night. Trying to decrease and drop one feed but... he always eats and then goes quickly back to bed so... its not too much of a hassle right now,"06/18/2022, 00:00:00"
563864785285671,https://facebook.com/563864785285671,562447322094084,Same here. Mine will also go back to bed after eating but I know he can go for longer stretches. Feel like he'd be a much happier baby.,"06/20/2022, 00:00:00"
562812492057567,https://facebook.com/562812492057567,562280428777440,"My baby girl is 9 months now so her wake windows are a bit longer. But I wanted to recommend white noise or a sound machine if you aren’t using one already. The white noise really made a difference with my little one sleeping through the night! Also, what an adorable chunk! 🥰 I want to squeeze him!","06/19/2022, 00:00:00"
564195428585940,https://facebook.com/564195428585940,562812492057567,"Thank you so much! Yes, we have the DreamEgg sound machine and have used it since he was born. He loves it and for sure knows it's sleep time when we turn it on","06/21/2022, 00:00:00"
563335962005220,https://facebook.com/563335962005220,562280428777440,"My daughter is 5 months now and is starting to know her body clock- her feeding intervals are every 4 hours.

She wakes around 8am has a 5oz bottle (doesn’t always drink it all) because she has some porridge and fruits for breakfast. Bath time as soon as she’s finished and usually naps around 10/11

Next feeds are 12pm, 4pm, 8pm, 12am and continues on.

She usually sleeps through the night, gets a bit fussy but doesn’t actually wake till around 4am so if she’s really fussy I try to “dream feed” her and she’ll usually go back to sleep🫶🏽","06/20/2022, 00:00:00"
562336758771807,https://facebook.com/562336758771807,562280428777440,"i have nothing to help because my son was the same way and we kinda just had to ride it out , babies wake for a reason. but your son is absolutely adorable!","06/18/2022, 00:00:00"
562342502104566,https://facebook.com/562342502104566,562336758771807,Rian Shaw Totally agree!!! same deal here and my son is also a chubby baby 😂 same amount of months too and also wakes up a lot at night that when I wake up in the morning I’m hideous looking in the mirror 😳😜😂 cheers to wonderful times 🥂🙂,"06/18/2022, 00:00:00"
562343048771178,https://facebook.com/562343048771178,562336758771807,"Fernanda Hernandez Frakes my son is a chunk as well , he’ll be 10 months in a couple days and just recently started sleeping through the night , and i mean like 3 days ago recently 😅","06/18/2022, 00:00:00"
562348605437289,https://facebook.com/562348605437289,562336758771807,Rian Shaw that's sounds nice 3 whole nights.... I would be looking a little better in the morning lol.,"06/18/2022, 00:00:00"
562359395436210,https://facebook.com/562359395436210,562336758771807,"Rian Shaw mine is not that chubby, 6 months but i cannot count how many times he wakes up still. We cosleep so i can survive somehow","06/18/2022, 00:00:00"
562365415435608,https://facebook.com/562365415435608,562336758771807,Fernanda Hernandez Frakes same here 😂😂,"06/18/2022, 00:00:00"
562374448768038,https://facebook.com/562374448768038,562336758771807,Rian Shaw you are lucky dear even co-sleeping with my 9 months old still not doing anything better us.. first stretch 2-3hours afterwards is every 15-30 minutes for the past two weeks 😭😭😭,"06/18/2022, 00:00:00"
562462732092543,https://facebook.com/562462732092543,562336758771807,"Juliana Appiah my son co sleeps , that’s the only way we can get any sleep around our house 😅😅","06/18/2022, 00:00:00"
562548625417287,https://facebook.com/562548625417287,562336758771807,"Rian Shaw same mine is almost 8 months
Has rolls for days
Started doing 3 meals with snacks and formula and just slept through the whole night yesterday otherwise wakes once a night","06/18/2022, 00:00:00"
562556468749836,https://facebook.com/562556468749836,562336758771807,Ivana Peshovski my dude is the same way! 6months not very rolly but wanted up every couple of hours or so 🥹🥹,"06/18/2022, 00:00:00"
562585638746919,https://facebook.com/562585638746919,562336758771807,Is he Breastfeed too?,"06/18/2022, 00:00:00"
562832292055587,https://facebook.com/562832292055587,562336758771807,Yeah I figure when he's ready he will. He can do it as I've got a handful of 5-7 hour stretches but nothing again since he went through the 4 month sleep regression lol,"06/19/2022, 00:00:00"
563258385346311,https://facebook.com/563258385346311,562280428777440,"My baby is 5.5 months. She’s on a great schedule. Each feed is a 6oz bottle.

She wakes at 8am & eats every 3 hours. She sleeps hard from 2-5pm & cat naps in the morning.
Bed is after her 8pm bottle

Her nap is in her crib wearing her sleep sack just like night time.","06/19/2022, 00:00:00"
563297915342358,https://facebook.com/563297915342358,563258385346311,Tara Ambrose my baby is same but I feed every 2 hrs & she sleeps through the night. I think some baby’s that feed a bit more often sleep a little longer through the night I see everyone saying feed baby every 3 hrs but I would say 2 hrs ! 😊 helped me,"06/19/2022, 00:00:00"
563611385311011,https://facebook.com/563611385311011,563258385346311,Tara Ambrose how long are her wake windows? ☺,"06/20/2022, 00:00:00"
563705098634973,https://facebook.com/563705098634973,563258385346311,"Kayla Marie Owens she just cat naps in the morning. I just listen to her Cues and I know when to put her in her cradle. She’s usually awake from 5-8 after her long nap & before bed.

She does have 2 toddler brothers who help keep her stimulated.","06/20/2022, 00:00:00"
563705888634894,https://facebook.com/563705888634894,563258385346311,Tara Ambrose can I ask what her go to toys are? My daughter is the same age as yours and could use some ideas 🤗 TIA 💕,"06/20/2022, 00:00:00"
563816498623833,https://facebook.com/563816498623833,563258385346311,Kayla Marie Owens she loves this fisher price sit me up chair.,"06/20/2022, 00:00:00"
563818115290338,https://facebook.com/563818115290338,563258385346311,Kayla Marie Owens & this play gym.,"06/20/2022, 00:00:00"
563820185290131,https://facebook.com/563820185290131,563258385346311,Kayla Marie Owens she likes these suction cup things too.,"06/20/2022, 00:00:00"
563683861970430,https://facebook.com/563683861970430,562280428777440,"I think it's just the baby themselves. I was a good sleeper as an infant, my husband didn't sleep through until he was 1.

Mine is now 6m but began sleeping through the night at 7 weeks so he's taking after me.

-We've done a night routine since 3 weeks.
-He sleeps in his own room, black out curtains, sound machine.
-We follow wake windows/cues, we try to ensure his last one is the longest.
-He eats 32-36oz of formula during the day so he's meeting his caloric needs.
-We adjusted his bedtime from 6-7:30 instead of 8pm or later, he sleeps much longer if he goes down earlier!","06/20/2022, 00:00:00"
564883025183847,https://facebook.com/564883025183847,563683861970430,"Omg so cute!!!! I definitely agree with it being the baby themselves. My first born slept 12-14 hours by 6 months. Didn't really nap during the day tho, only cat naps because he slept so good at night. Thanks so much for letting me know your routine. Will keep those points in mind!","06/22/2022, 12:07:08"
562394712099345,https://facebook.com/562394712099345,562280428777440,"Our 5 month old slept 11 hours twice this week 🙌 we notice he sleeps longer at nights if his naps aren’t too long, especially right before bed. On average hw gives us 7 hours. But we do have days where it’s 5 hours and needs a bottle. We use the nested bean sleep sack and think that has a lot to do with it. We are going to try to cap his naps to 3-4 hours throughout the day, last one being 30-45 minuteS long before bed time. I wish you luck! You’re doing a great job!!","06/18/2022, 00:00:00"
563273065344843,https://facebook.com/563273065344843,562394712099345,Wow that's amazing! Good job little dude. You're doing a great job too mama 💕💕,"06/19/2022, 00:00:00"
562421565429993,https://facebook.com/562421565429993,562280428777440,"OMG THE ROLLS 😍 HE'S GORGEOUS!!!!!!!
at that age lovely it's totally normal for them to wake that often. You could try a relaxing bedtime routine (bath, massage, book) and ensure he's getting enough calories throughout the day but there's not much else you can do. He will grow out of waking during the night in time xxxxx","06/18/2022, 00:00:00"
563278042011012,https://facebook.com/563278042011012,562421565429993,Thank you for this comment 💕💕 we will ride it out in good faith and I'm sure once he's ready it'll happen. We have a pretty good and consistent bedtime routine and I'm definitely trying to ensure he gets all the calories he needs. He is breastfed so hard to measure sometimes.,"06/19/2022, 00:00:00"
563433205328829,https://facebook.com/563433205328829,562421565429993,Monica Clarke-Sather both my babies were/are breastfed so I totally get that! It's tough waking so much to feed ... But you're doing amazing and it won't be forever ❤️,"06/20/2022, 00:00:00"
562664432072373,https://facebook.com/562664432072373,562280428777440,"My baby is 11 months next week and still wakes multiple times through the night, it depends on the baby I think as same as adults not all are great sleepers :)","06/19/2022, 00:00:00"
564194198586063,https://facebook.com/564194198586063,562664432072373,"Sabine Knowles yes I agree with this. My first was an amazing sleeper from day 1, slept 12-14 hours a night by 6 months so didn't really nap during the day because he slept so good at night but this dude is the complete opposite 🤪","06/21/2022, 00:00:00"
563590991979717,https://facebook.com/563590991979717,562280428777440,My goodness! The chonk! I love his Michelin Man arms!!￼,"06/20/2022, 00:00:00"
562543845417765,https://facebook.com/562543845417765,562280428777440,My mom says she puts the cereal mixed in with the milk to keep us full and it helps us sleep through the night better at that age,"06/18/2022, 00:00:00"
562340132104803,https://facebook.com/562340132104803,562280428777440,My girl feeds every 3 hours during the day and goes down between 7-9 and sleeps till 6am for a bottle she’s used to that routine has done for a while and is gaining so I’m not worried about her sleeping at night without. If she does wake during the night I just give her dummie and put my hand on her till she does fall asleep xxx,"06/18/2022, 00:00:00"
562489668756516,https://facebook.com/562489668756516,562280428777440,"Omg he is so handsome ! Ughhh the rolls !!

Anyways, my daughter at 5mons was also waking up every 4-5 hours which is still normal for their age. I did have her on a routine where she’d take 4-5 naps through the morning/
afternoon & she’s now 9mons and only wakes up for feeding since she’s fully breast fed. She did sleep through the night a few times when she was still getting formula, but since she only drink breast milk, she gets hungry a lot more which isn’t such a problem. But try having your baby take naps through the day and have him take a bath before going to bed. Should help a bit 😊 good luck !","06/18/2022, 00:00:00"
563689571969859,https://facebook.com/563689571969859,562280428777440,He is so cute! My little girl wakes every 2 hours still. Any advice on how to get her to sleep longer at night? She will also only nap for 30 mins max at a time during the day! X,"06/20/2022, 00:00:00"
562394188766064,https://facebook.com/562394188766064,562280428777440,Holy chunk!!! My girl is 5.5 months and sleeps 12 hours through the night! We follow wake windows during the day (1.5-2hours) and then down for a nap. She takes 3 naps a day now and bedtime around 7,"06/18/2022, 00:00:00"
562574592081357,https://facebook.com/562574592081357,562394188766064,Camryn Smith did you sleeptrain her? Curious what method and when you started?,"06/18/2022, 00:00:00"
562576428747840,https://facebook.com/562576428747840,562394188766064,"Heather Alicia Phillippe we sort of did a modified version of the Ferber method because I had to always rock her to sleep and ever so gently place her in her crib.

Then we started basically Ferber but with her pacifier, she needs that ninny lol. Took a few days maybe a week or so of letting her cry for a bit, soothing but not picking her back up & putting the pacifier back in when she dropped it. I was shocked when I was so exhausted I just put her in the crib & she fell asleep on her own. I couldn’t believe it lol, now every nap and bedtime we get her in her sleep suit and place her in the crib with white noise and no lights and she’s out within a few minutes, she’ll whine a bit or kick her leg to self soothe but that’s about it. If you’re feeding them to sleep you should try to break that habit. I followed the “put them down awake but drowsy” . I used to rock her to sleep every single time and it was just exhausting, but every baby is different and it takes patience, don’t give up","06/18/2022, 00:00:00"
562960475376102,https://facebook.com/562960475376102,562394188766064,Camryn Smith how long is her day time naps?,"06/19/2022, 00:00:00"
563687848636698,https://facebook.com/563687848636698,562394188766064,Camryn Smith f,"06/20/2022, 00:00:00"
562342498771233,https://facebook.com/562342498771233,562280428777440,"My little girl was wakening twice around the same time every night and I was feeding her assuming she was hungry then she went completely off her morning bottles so I thought maybe she was too full from through the night so for a few nights I just kept putting her dummy back in when she woke and she went back over after about half an hour so I assume with her it was just habbit rather than hungry even though she took the bottle anyway 🤣 I sort of thought if she was hungry and the dummy wasn't doing it anymore shed let me know lol she'll fussel about a bit at them same times now but won't actually waken so definitely habbit with her, maybe this could be the same with your wee one? X","06/18/2022, 00:00:00"
562834938721989,https://facebook.com/562834938721989,562342498771233,"I was wondering if it's out of habit 🤔 cuz he can do it, we've got a handful of 5-7 hour stretches before he hit the 4 month regression. Nothing since tho","06/19/2022, 00:00:00"
562857032053113,https://facebook.com/562857032053113,562342498771233,"Monica Clarke-Sather it could be the reason cause it's definitely the way it was for my wee girl, she took the bottle if I gave her it but she also went back over when I just gave her her dummy no crying or anything so I guessed it was habbit and not hunger. It's so tiring, you'd do anything for an extra hour lol x","06/19/2022, 00:00:00"
563710055301144,https://facebook.com/563710055301144,562280428777440,"Omg, I wouldn’t be able to refrain from squeezing him all day!!! What a cutie 🥰 God bless him","06/20/2022, 00:00:00"
564883431850473,https://facebook.com/564883431850473,563710055301144,Hahah I definitely squeeze him on the regular,"06/22/2022, 12:07:14"
562405858764897,https://facebook.com/562405858764897,562280428777440,"I got desperate and paid for a sleep trainer, she told me to cut out one feeding at a time, push it back later every night (30 minutes or more if you can), and never cave in or go backwards. We cut out his 1st night feeding immediately by stuffing him right before bed with food and milk, then took about 5 days to stop the other feedings. He’d still wake up for a while with a little crying but we let him cry and didn’t feed him and now he’s sleeping for 11-12 hour stretches at night! Can be tough but I wish fir my mental health is done it sooner. He’s 9 months old","06/18/2022, 00:00:00"
562359325436217,https://facebook.com/562359325436217,562280428777440,My 5 month old eats ever 2-4 hours during the day takes 3-4 2 hour naps and goes to bed at 9pm wakes at 7-8 am wakes ones at night to feed most nights but some nights he wakes every hour I think those days are normally because he is growing,"06/18/2022, 00:00:00"
562367938768689,https://facebook.com/562367938768689,562280428777440,My little one is about a month older and when she was 4-5 months she was waking sometimes 2-3x a night to feed and was also well above weight. What the doc told us to do was feed solids 3x a day and keep formula intake 16-24 Oz. She still wakes up but it’s only once a night now. I figure she will grow out of it in another month or two. We follow 2-2.5 hr wake windows with 3 naps occasionally 4 if its a bad nap day.,"06/18/2022, 00:00:00"
562368745435275,https://facebook.com/562368745435275,562367938768689,My chubby bubster for reference 🤣,"06/18/2022, 00:00:00"
563266738678809,https://facebook.com/563266738678809,562367938768689,"She is so adorable! Will take into account feeding solids 3 times a day. We are only doing 1 time a day right now and he is also breast fed, not sure if that makes a difference.","06/19/2022, 00:00:00"
563455018659981,https://facebook.com/563455018659981,562367938768689,Monica Clarke-Sather thank you so is your little one! I think if he is eating more solids he will naturally breast feed less. What we do is solids when wake and bottle before sleep. So I’m essentially feeding her at the beginning and end of a wake window so she gets in all of her calories. Solids for breakfast lunch and dinner. I hope that helps!,"06/20/2022, 00:00:00"
562681808737302,https://facebook.com/562681808737302,562280428777440,"Tbh my girl was about the same at that age. I think it lasted uptill 8-9 months (4am 1am 11pm I recall?). I would let her cry for 10mins before i soothed her (she was a breast fed baby so straight to the boob she went). So I guess be patient and if you're comfortable let him cry a little, may surprise you!

PS, he is WAY too adorable. I want to pinch those chubby cheeks so bad 😍😍","06/19/2022, 00:00:00"
562355465436603,https://facebook.com/562355465436603,562280428777440,"😍😍 just wanted to tell you how adorable your boy is! Well I will say this I did put rice added with there formula or even breast milk to thicken it up and it kept both of my boys much fuller and they would sleep longer. You can use Rice or I would also use that Multigrain cereal as well! I would give them a warm bath, swaddle them snug and they would get there rice/cereal bottle at night.","06/18/2022, 00:00:00"
562361428769340,https://facebook.com/562361428769340,562355465436603,"Flagging to anyone who reads this - NEVER do this for a baby under 17 weeks. It is against AAP advice, so any doc or ped who suggests it is not current with the latest research and it’s worth asking the question","06/18/2022, 00:00:00"
562364182102398,https://facebook.com/562364182102398,562355465436603,Betty Ann,"06/18/2022, 00:00:00"
562365762102240,https://facebook.com/562365762102240,562355465436603,Also always speak to your pediatrician if you have any concerns! ☺️,"06/18/2022, 00:00:00"
562405752098241,https://facebook.com/562405752098241,562355465436603,Betty Ann swaddling isn’t safe once they hit 2 months old.,"06/18/2022, 00:00:00"
562420672096749,https://facebook.com/562420672096749,562355465436603,Hannah Bajraktarevic why?,"06/18/2022, 00:00:00"
562429455429204,https://facebook.com/562429455429204,562355465436603,"Carsyn-Marie Gilliland if they were to roll over, they could suffocate.","06/18/2022, 00:00:00"
562430345429115,https://facebook.com/562430345429115,562355465436603,Carsyn-Marie Gilliland I can add you to this safe sleep group I’m in 💖,"06/18/2022, 00:00:00"
562449448760538,https://facebook.com/562449448760538,562355465436603,Hannah Bajraktarevic omg 🤦🏻‍♀️ nothing is safe every time I turn around it’s always something! Hmm I’ve never been told by my boys pediatrician it was unsafe.,"06/18/2022, 00:00:00"
562450365427113,https://facebook.com/562450365427113,562355465436603,"Betty Ann oh wow! I’m surprised 😬 that is one of the biggest causes of SIDS, if I’m correct.","06/18/2022, 00:00:00"
562456278759855,https://facebook.com/562456278759855,562355465436603,"Betty Ann but also not surprised because so many things my daughters ped never told us. I’ve just had to learn as I go - research, add myself to groups, etc.","06/18/2022, 00:00:00"
562482478757235,https://facebook.com/562482478757235,562355465436603,"Hannah Bajraktarevic yes, please. He is 2.5 months and sleeps in the dreamland weighted sleep sack. I hope that is okay! He can’t roll over yet and doesn’t move when he’s in it.","06/18/2022, 00:00:00"
562501072088709,https://facebook.com/562501072088709,562355465436603,"Carsyn-Marie Gilliland my daughter started rolling at 2 months. I’m gonna add you and then I’ll be able to add you to the group. I’ve learned so much from it. I know they say sleep sacks are safe, but I believe weighted sleep sacks aren’t recommended by the AAP due to many reasons. I just use regular sleep sacks for my little.","06/18/2022, 00:00:00"
563323782006438,https://facebook.com/563323782006438,562355465436603,Carsyn-Marie Gilliland It's perfectly safe swaddling if your baby isn't rolling yet at that age. I stopped wrapping my son at 3 months when he started rolling and putting his arms out of the wrap then I transitioned him into a sleep sack one with his arms free as it was safer and kept him warmer because he was a blanket kicker and he slept in a cot with a safety wedge. Every baby is different.,"06/20/2022, 00:00:00"
562347822104034,https://facebook.com/562347822104034,562280428777440,He might be waking up for comfort. Try your best to see if a cuddle and rock helps x,"06/18/2022, 00:00:00"
563306208674862,https://facebook.com/563306208674862,562280428777440,My son will be 5 months in two days. I exclusively pump. He sleeps 10-12 hoirs at night waking one time in the last 3-5 hours for a bottle when its time to pump.,"06/20/2022, 00:00:00"
563731175299032,https://facebook.com/563731175299032,562280428777440,"My son is 6 months. He has been sleeping through the night since 6-8 weeks, I made sure I nailed his night time routine first before anything, I give him a bath every night, lotion then baby powder, dressed for bed then his bottle! I hope you work something out soon! He’s to cute!!x","06/20/2022, 00:00:00"
564883881850428,https://facebook.com/564883881850428,563731175299032,We definitely do something similar since about 2 weeks old. Thanks so much! 💕,"06/22/2022, 12:07:16"
562363718769111,https://facebook.com/562363718769111,562280428777440,I use to think my daughter wanted to be fed every 3 hours at night but now I know she is just a busy sleeper. Make sure he is actually awake before automatically getting the bottle. She is almost 4 months and I'm still trying to figure it out.,"06/18/2022, 00:00:00"
563899741948842,https://facebook.com/563899741948842,562280428777440,"I DEFINITELY recommend the “save our sleep” app for any parents struggling with a schedule and sleeping!!

There is also a book called ‘save our sleep’ by tizzie hall

This was life changing for me","06/20/2022, 00:00:00"
564457925226357,https://facebook.com/564457925226357,562280428777440,Oh my goodness I have 4 girls I would love to love him up he is so freaking chunky and cute omg 😍😍😍😍,"06/21/2022, 22:06:55"
564282758577207,https://facebook.com/564282758577207,562280428777440,my son is a very healthy chunky man too he was eating every 3 hours at night and just stopped he’s 7m i feed him a purée bathe him let him play in the bath and give him a bottle and he usually knocks out and sleeps 8hr,"06/21/2022, 00:00:00"
562395182099298,https://facebook.com/562395182099298,562280428777440,"My little girl goes to bed around 8:30-9
Sometimes wakes around 3 for food diaper change sometimes not. Sleeps until 6 or 8 if it’s 6 she will eat then fall back asleep till 8:30-9
Awake for 2 hours in the morning takes a nap around 11:30 then wakes around 12:30 depending on if big brother lets her sleep or not. Then up for about 2 hours then takes another nap around 2-2:30 then another nap around 4:45-5 ish sometimes 6 only a small cat nap then up until bedtime.","06/18/2022, 00:00:00"
563152068690276,https://facebook.com/563152068690276,562280428777440,"That’s not a baby. He should have a job and living on his own by now!
What a cutie!! Maybe try an extra ounce of milk at his night time bottle?","06/19/2022, 00:00:00"
564199061918910,https://facebook.com/564199061918910,563152068690276,Hahaha love this comment. My baby is breastfed so doesn't usually drink more than 4oz of my breast milk in a bottle unfortunately,"06/21/2022, 00:00:00"
562410795431070,https://facebook.com/562410795431070,562280428777440,My baby turned 5 months today and we go to bed at 10 and sleep till 7 so very few cat naps throughout the day but that’s okay usually every 2-3 hours with his bottle but just while eating as soon as I put him down he wakes up.,"06/18/2022, 00:00:00"
562694415402708,https://facebook.com/562694415402708,562280428777440,I started doing baths around 7:30 every night using calming lotion now my girls sleep great they are almost 5 months old,"06/19/2022, 00:00:00"
564194978585985,https://facebook.com/564194978585985,562694415402708,We do bathtime around that time also. My babe has eczema prone skin so I haven't used any of the calming lotion. I'll have to look into that,"06/21/2022, 00:00:00"
563114118694071,https://facebook.com/563114118694071,562280428777440,"Desiree Mcgraw for my son who is 1, we do a ton of play time for a few hours do the dinner routine then play for another few hours he usually has a snack before bath time at 8 I read him a book we play a tiny bit more and then he gets almond milk before bed and sleeps all the way through!","06/19/2022, 00:00:00"
563114468694036,https://facebook.com/563114468694036,563114118694071,1 significant thing I found that was a miracle is that he had a dairy allergy and when we switched it was like I had a whole different baby,"06/19/2022, 00:00:00"
562341722104644,https://facebook.com/562341722104644,562280428777440,"My boy has recently started sleeping for 11-12 hours straight at night, he’s 5.5 months. Wake windows are 2-2.5 hours during the day. Typically he takes an 1-1.5 hour nap in the morning and the rest are 30 minutes. He goes to bed around 7:30. He eats 4-5 times a day every 3-4 hours.","06/18/2022, 00:00:00"
562379258767557,https://facebook.com/562379258767557,562280428777440,"😍😍😍Firstly omg!!! His super cute.. I have a 3month old that well sleeps at 10pm to 6am. Wakes up for his morning change and bottle goes back to sleep till 10 am. Feeding time.,tummy time, sound time, outside time depending on well the weather, his bath time is a long process but he thoroughly enjoys it. He naps after that for about 4 hours, stays awake for another 4 hours, and than in that timing it's bath time again.. I haven't had him break his sleep during the night for the past 3 months and if he wriggles his tapped back to sleep or just lulls himself off...","06/18/2022, 00:00:00"
562371758768307,https://facebook.com/562371758768307,562280428777440,He’s so cute though. My baby is 5 months as well but same he’s up every 3-4 hrs. Wake windows are 2-2.5 hrs,"06/18/2022, 00:00:00"
563267572012059,https://facebook.com/563267572012059,562371758768307,Yeah our wake windows are about the same.,"06/19/2022, 00:00:00"
562336838771799,https://facebook.com/562336838771799,562280428777440,Stay in habit of bathing him and feeding him right before it gets dark I’m doing that same thing on my son,"06/18/2022, 00:00:00"
562340845438065,https://facebook.com/562340845438065,562336838771799,Jen Adams i been doing that and he goes to bed between 7-9pm,"06/18/2022, 00:00:00"
562341165438033,https://facebook.com/562341165438033,562336838771799,Sonya right then he gets up at 6 they’ll sleep all night,"06/18/2022, 00:00:00"
562341558771327,https://facebook.com/562341558771327,562336838771799,Jen Adams same!,"06/18/2022, 00:00:00"
562966158708867,https://facebook.com/562966158708867,562280428777440,My daughter is 5 months and still wakes every 3-4 hours as well. At this point I think I’m getting use to the lack of sleep,"06/19/2022, 00:00:00"
564196235252526,https://facebook.com/564196235252526,562966158708867,Kimberlee Simpson I can relate for sure. You're doing amazing mama,"06/21/2022, 00:00:00"
562879022050914,https://facebook.com/562879022050914,562280428777440,My son eats every 2-3 hours during the day and has 1.5-2 hour wake windows and sleeps for 1-2 hours every nap except the last one which is about 30 minutes. He goes to bed around 9 and sleeps for 10-12 hours. I dream feed him at 11p and 5a. I think he’s been sleeping like this since 6 weeks.,"06/19/2022, 00:00:00"
562370875435062,https://facebook.com/562370875435062,562280428777440,"If he wakes, dont do anything, just leave him alone, he might cry a little and will fall back to sleep eventually. Repeat a few times and you have a baby who sleeps through the night.","06/18/2022, 00:00:00"
562833638722119,https://facebook.com/562833638722119,562280428777440,I don’t have any advice but omg the rolls😭🥰🥰🥰 he is gorgeous!! I can’t help but want to squeeze him lol ❤️,"06/19/2022, 00:00:00"
564195671919249,https://facebook.com/564195671919249,562833638722119,Haha thank youuu 💞💞💞,"06/21/2022, 00:00:00"
563897295282420,https://facebook.com/563897295282420,562280428777440,"My Bubs 6 months old and sleeps 12hrs at night so the schedule is

Sleep 7pm-7am, Bottle when he wakes at 7am, solids at 8am. Then he plays for abit and 9am he’s back to sleep till 11am. bottle again when he wakes at 11, solids at 12pm, play for a bit and back to sleep at 1pm to 3pm. bottle when he wakes at 3 go for a walk or drive so he can nap at 4:30pm- 5pm. Solids at 5:20pm, bath at 6pm, bottle at 6:30pm back to bed at 7pm till 7am

I did sleep train him so when it gets to the times for a sleep I just put him to bed awake and he will go to sleep himself within 10 mins and because we’ve been sticking to this schedule he knows what’s coming next and when it’s time to sleep and all that.

Also When we started this schedule we would pick him up and give him a bottle at 10pm for a week or so while he was still sleeping so a “dream feed” which would help him sleep all the way till 7am. Now he doesn’t need it and will sleep all the way thru.","06/20/2022, 00:00:00"
564884368517046,https://facebook.com/564884368517046,563897295282420,What method did you use for sleep training and just curious when did you start?,"06/22/2022, 12:07:23"
562413762097440,https://facebook.com/562413762097440,562280428777440,Same. I also have a chunky baby. He wakes every 1-2 hours at night and demands to be fed every 2.5-3 hours. He’s 5 months too!,"06/18/2022, 00:00:00"
562365638768919,https://facebook.com/562365638768919,562280428777440,"My boy is 2 and a half months and takes 1-2 hour naps during the day 3 times and sleeps 6 hours before waking up for a feed, will wake to eat and play for 15 minutes then pass back out for 2-3 hours. We also try to keep it dark from 10-8am which helps cause he will wake if he sees light","06/18/2022, 00:00:00"
562468982091918,https://facebook.com/562468982091918,562280428777440,My baby is 5 months. We feed 6 oz about every 3 hours and don’t have a strict nap schedule during the day but I don’t let him sleep past 5 pm and he always gets fussy for bed around 7pm so we feed some purée then bath and book then give a 6 oz bottle to get him to fall asleep even if it hasn’t been 3 hours since his last and we lay him in his crib with the sound machine on. He sleeps from around 8pm to about 8 or 9 am!,"06/18/2022, 00:00:00"
563864941952322,https://facebook.com/563864941952322,562468982091918,So cute,"06/20/2022, 00:00:00"
562347268770756,https://facebook.com/562347268770756,562280428777440,I’m at 6 months and going through the same. My guy has reflux so I always think I have to attend to him just in case,"06/18/2022, 00:00:00"
562387492100067,https://facebook.com/562387492100067,562347268770756,"Paige Schreinersame here, my LO has reflux","06/18/2022, 00:00:00"
562371042101712,https://facebook.com/562371042101712,562280428777440,"Absolutely gorgeous, I have no advise I have the same issue with my 5 months old too","06/18/2022, 00:00:00"
563267218678761,https://facebook.com/563267218678761,562371042101712,"Thank you 💕 Hope there's some good answers on here for you, too!","06/19/2022, 00:00:00"
562473865424763,https://facebook.com/562473865424763,562280428777440,My 3 month old sleeps 8 hours throughout the night and he’s been doing it for about a month now. We just feed him every 3 hours during the day and turn off the lights with the night light on for the night feeding before bed and he sleeps 8 hours and is up most of the day except a couple hour naps,"06/18/2022, 00:00:00"
562606298744853,https://facebook.com/562606298744853,562280428777440,"Monica Clarke-Sather Routine routine routine! It's so crucial to get a baby on a good schedule. I make sure I feed my 3 month old every 3-4 hours during the day so he doesn't feel like he needs to catch on up eating at night. We have the same routines during the day I give him plenty of Tummy time, play, fresh air/sun outside and brain stimulation to tire him out. He takes 1-3 naps a day. Then around 8pm we settle down, do quite time, he gets his last feeding, a clean diaper, body & face wiped down, clean clothes, I put him in a sleep sack, turn his sound machine on then I rock him to sleep after that i transfer him to his crib. He sleeps 10 hours through the night bed time to morning. I never tried to sleep train him, I just kept up a routine and around 1-1½ months he started sleeping through the night. He knows once quite time starts and we start our night time routine that it's time for bed.","06/18/2022, 00:00:00"
562607105411439,https://facebook.com/562607105411439,562606298744853,Still working on getting my sleep schedule on track I stay up late cleaning and getting everything organized and layed out for the next day.,"06/18/2022, 00:00:00"
564192538586229,https://facebook.com/564192538586229,562606298744853,"We've been on a routine since roughly 2 weeks old. Naps are unpredictable still but he's on 4 naps and sometimes will drop to 3 naps, and he feeds on demand (breast) every 3-4 hours but we've had the same daytime and bedtime routine since he was born. Bedtime is Bath, lotion&massage,
change, nurse, bed. He also has the same sound machine since he was born too and he loves his sound machine, he knows it's sleep time when it gets turned on. He has no issues going down at all in his crib, just still wakes every 3-4 hours to eat. He will go to sleep right after he eats but I've gotten a handful of 5-7 hour stretches so I know he can go longer and I know he will be a much happier baby if he did.","06/21/2022, 00:00:00"
564192751919541,https://facebook.com/564192751919541,562606298744853,Heather Mahaney yes I can relate to that for sure.,"06/21/2022, 00:00:00"
564204798585003,https://facebook.com/564204798585003,562606298744853,"Monica Clarke-Sather maybe give him a snack in between during the day, it seems like he's waking up cause he's hungry. So I'd try giving him a nice snack (breast) alittle before bedtime feeding. My friend weened her baby off night time feedings by doing that (it happened for me by accident lol) also when he wakes up instead of feeding immediately try to sooth by shushing and putting your hand on his chest so he knows your there, if he won't settle in his crib back to sleep, try picking him up and rocking him to sleep. If all that fails obviously feed him. I would just keep doing that till he gets weened off of night time feedings or it goes to just one feeding in the middle of the night instead of many for you sanity.","06/21/2022, 00:00:00"
562409545431195,https://facebook.com/562409545431195,562280428777440,"Could be the four month sleep regression.
Could be not getting enough food in during the day?? Have you started him on solids??","06/18/2022, 00:00:00"
563274705344679,https://facebook.com/563274705344679,562409545431195,"Yes his doctor gave us the OK to start at 5 months so been slowly introducing this last week. He went through the 4 month regression around 16 weeks and that lasted about 3 weeks ish. He's finally getting back onto routine with naps and night sleeping but not getting those handful of 5-7 hour stretches anymore. I don't expect him to really sleep through the night yet, I just know he can go longer cuz he has. The 4 month egression was awful. He was up about every 45mins-1hour.","06/19/2022, 00:00:00"
563278278677655,https://facebook.com/563278278677655,562409545431195,"Monica Clarke-Sather yeah they are the worst..
To help get in good sleep routine, don't feed him during the night, let him cry a bit and self settle. And if you have to go in there rub his back.
All the best, the amount of regressions and teething that disturbs sleep is alot, some are amazing and some are horrible.","06/19/2022, 00:00:00"
562392918766191,https://facebook.com/562392918766191,562280428777440,I follow the huckleberry app for naps and sleep. My twin boys take 3-4 naps a day that range from 2.5-4.5 hours. Bedtime is 7:30-8pm and they both only normally wake once at night to eat. Once they hit 6 months I will start to wean them off the night feed by giving them less and less both by 6 months I will start baby-led weaning.,"06/18/2022, 00:00:00"
562393528766130,https://facebook.com/562393528766130,562392918766191,These are my little guys,"06/18/2022, 00:00:00"
563272072011609,https://facebook.com/563272072011609,562392918766191,They are stinking cute. How old are they? 5 months as well? We are gonna jump into BLW when he hits 6 months as well. We are doing starter purees right now once a day but might do twice or even three times a day.,"06/19/2022, 00:00:00"
563507085321441,https://facebook.com/563507085321441,562392918766191,Monica Clarke-Sather yes they are 5 months. We need to step it up when it comes to purées and be more consistent. One has little interest lol. A few you making your own purées?,"06/20/2022, 00:00:00"
562358688769614,https://facebook.com/562358688769614,562280428777440,At 5 months mine was napping for only like 45min at a time and every 1.5 to 2 hrs about. We did one contact nap a day and I could get him to sleep longer by nursing him back to sleep,"06/18/2022, 00:00:00"
562369528768530,https://facebook.com/562369528768530,562280428777440,Keep his cute self up longer. The first few days he’s going to get fussy from you adjusting his sleep schedule during the day. But after day 3 it’s smooth sailing.,"06/18/2022, 00:00:00"
562970455375104,https://facebook.com/562970455375104,562280428777440,Such a cutie!! Use a baby jumper and Walker. Keep him active.,"06/19/2022, 00:00:00"
562387102100106,https://facebook.com/562387102100106,562280428777440,My five month old daughter is the same way! We are lucky to get three hours though! ￼,"06/18/2022, 00:00:00"
562364278769055,https://facebook.com/562364278769055,562280428777440,My girly wakes up at 7 am. Eats a 7 ounce bottle. 2/2.5 hour nap. Eats 2 Tbsp of Cereal with 1 Tbsp of Baby food and 3 oz bottle around 10. Plays and then another 2 hour nap. 4 oz bottle around noon. Play time. 6 oz bottle at 4. 2Tbsp of baby food when we eat dinner. 7 oz bottle around 7:30. Bath and then bed. She sleeps all night until 7am,"06/18/2022, 00:00:00"
562392898766193,https://facebook.com/562392898766193,562280428777440,"No tips, but he 's the cutest chunky baba 🥰 i love those cheeks😊😊😊😁😁","06/18/2022, 00:00:00"
563271048678378,https://facebook.com/563271048678378,562392898766193,Thank you so much 💕💕,"06/19/2022, 00:00:00"
562410345431115,https://facebook.com/562410345431115,562280428777440,What a cutie.. Mine wakes every 4 hours just to eat then goes back to sleep,"06/18/2022, 00:00:00"
562618278743655,https://facebook.com/562618278743655,562280428777440,My little monster is great at sleeping through the nights he’s 5months hes awake for around 90 minutes at a time in between naps he sleeps from 8.30/9 at night till around 7/7.30 in the morning ….no wake ups … we don’t let him sleep after 7 in the evening till bed time and I find he’s been sleeping Amazingly,"06/19/2022, 00:00:00"
562646672074149,https://facebook.com/562646672074149,562618278743655,Nancy Ellis Flynn,"06/19/2022, 00:00:00"
564193418586141,https://facebook.com/564193418586141,562618278743655,Omg he is too adorable 😚😚😚❤️‍🔥❤️‍🔥❤️‍🔥,"06/21/2022, 00:00:00"
562482142090602,https://facebook.com/562482142090602,562280428777440,What a cute baby! My boy is 9 and a half months old and wakes every 2 to 3 hours at night. He has done this since he was a new born. 😴😴😴,"06/18/2022, 00:00:00"
563865148618968,https://facebook.com/563865148618968,562482142090602,You're doing a wonderful job mama 💕,"06/20/2022, 00:00:00"
562385975433552,https://facebook.com/562385975433552,562280428777440,We use the moms on call schedule. My lo is 5 months too. Still wakes once to eat around 4. And sadly wakes around 5:30/6 to come in with us most mornings to make it till 7. (Not sleep trained),"06/18/2022, 00:00:00"
563270812011735,https://facebook.com/563270812011735,562385975433552,I haven't heard of this one yet. I'll definitely check into it assuming it's not too late to give it a whirl. It's tough when they wake just a bit before wake up time in the morning.,"06/19/2022, 00:00:00"
562407405431409,https://facebook.com/562407405431409,562280428777440,Oh my goodness the rolls 🥰 I love it ❣️,"06/18/2022, 00:00:00"
563640371974779,https://facebook.com/563640371974779,562280428777440,Omg his a little chunky monkey how cute x this is my 8 month old …,"06/20/2022, 00:00:00"
564882121850604,https://facebook.com/564882121850604,563640371974779,So so adorable 💕💕💕,"06/22/2022, 12:07:33"
564887775183372,https://facebook.com/564887775183372,563640371974779,Monica Clarke-Sather thank u x,"06/22/2022, 13:07:33"
562335962105220,https://facebook.com/562335962105220,562280428777440,not much help as my baby is 7 months old and her sleep is all over the place no matter what I do 😅 but I had to say… he is so stinking cute,"06/18/2022, 00:00:00"
562830348722448,https://facebook.com/562830348722448,562335962105220,Thank you! 💞,"06/19/2022, 00:00:00"
562360745436075,https://facebook.com/562360745436075,562280428777440,Awww look at his rolls so adorable my son is the same. Sorry no help but he is beautiful xx,"06/18/2022, 00:00:00"
563264018679081,https://facebook.com/563264018679081,562360745436075,Thank you 💕💕,"06/19/2022, 00:00:00"
562340508771432,https://facebook.com/562340508771432,562280428777440,"Absolutely stellar baby, fantastic job 👏👏👏","06/18/2022, 00:00:00"
562832905388859,https://facebook.com/562832905388859,562340508771432,Thank you 💕💕💕,"06/19/2022, 00:00:00"
562404538765029,https://facebook.com/562404538765029,562280428777440,BIG oatmeal bottle before bed one night my son ate 14 ounces he slept through the whole night but normally he eats 9-10 oz bottle before bed sleeps from 10-6,"06/18/2022, 00:00:00"
562640988741384,https://facebook.com/562640988741384,562280428777440,I’d like to know too as my 4 months has started waking every 2 hours at night.,"06/19/2022, 00:00:00"
562732835398866,https://facebook.com/562732835398866,562280428777440,My daughter is 11 months soon to be 1 yeAr old and she still wakes up at night and stays up for 2 hours then wakes up at 6 am for the day till her nap she was sleeping thru the night but now she’s baxk to the way she was before,"06/19/2022, 00:00:00"
563689631969853,https://facebook.com/563689631969853,562280428777440,What a beautiful baby!! Ughh brining back baby fever 🤒,"06/20/2022, 00:00:00"
562335278771955,https://facebook.com/562335278771955,562280428777440,My girl is almost 4 months and sleeps 8ish hours straight wakes for a bottle then sleeps for at least another 4 hours… during the day she normally stays up maybe with an hour nap throughout the whole day.. before bed we normally do some tummy time and playing with little shakers then we do a warm bath and a bottle then she usually falls asleep within a few minutes 🙂,"06/18/2022, 00:00:00"
562968208708662,https://facebook.com/562968208708662,562335278771955,Hayle Marie can I see what your little shakers/toys are for your little girl? I need more toys ideas lol. TIA ❤,"06/19/2022, 00:00:00"
563069252031891,https://facebook.com/563069252031891,562335278771955,Kayla Marie Owens yeah definitely I’m going to pm you when I get home !,"06/19/2022, 00:00:00"
564530325219117,https://facebook.com/564530325219117,562280428777440,"Im from south africa so this might not be of help. But we have a formula here designed for ""hungry"" babies. So i would give one bottle formula at night to make him sleel longer stretches. I did it with mine and she slept 7 hours! All her other bottles are still breastmilk.","06/22/2022, 01:06:56"
564885481850268,https://facebook.com/564885481850268,564530325219117,Yes my babe is breastfed. Will sometimes pump and give him a 4oz bottle before bed to fill him up but he still wakes between 3-4hours lol,"06/22/2022, 13:07:37"
564972745174875,https://facebook.com/564972745174875,564530325219117,Monica Clarke-Sather try giving one formula bottle. It takes longer to digest than breastmilk,"06/22/2022, 15:16:37"
562371015435048,https://facebook.com/562371015435048,562280428777440,I have no help I just had to comment how absolutely adorable your son is x,"06/18/2022, 00:00:00"
563266968678786,https://facebook.com/563266968678786,562371015435048,Thank you so much 💕💕,"06/19/2022, 00:00:00"
562928075379342,https://facebook.com/562928075379342,562280428777440,Sunlight and fresh air DAILY! Helps us a lot! Active play time while he’s awake and solid feeds opposed to snacks.,"06/19/2022, 00:00:00"
562489878756495,https://facebook.com/562489878756495,562280428777440,"My son is 5 months old now and he sleeps through the night, he sleeps in bed with me and has always slept all night that way ❤️","06/18/2022, 00:00:00"
564452048560278,https://facebook.com/564452048560278,562280428777440,is he okay to start purees yet? maybe incorporating purees like once or twice a day in addition to his milk bc thats the most important of course,"06/21/2022, 21:06:56"
564884988516984,https://facebook.com/564884988516984,564452048560278,Yes we got the OK to start at 5 months. We've been doing once a day at dinner time but I'm going to start two or three times a day to see if that helps!,"06/22/2022, 13:07:40"
562340958771387,https://facebook.com/562340958771387,562280428777440,the wake windows with my daughter are usually 2-2.5 hours and she eats 4oz every 4 oz. she still wakes up every 4 hours at night to eat as well,"06/18/2022, 00:00:00"
562834105388739,https://facebook.com/562834105388739,562340958771387,"Our wake windows are the same. The first one is usually 1.5 hours before the first nap of the day then the rest are 2, 2.5. Is your baby breastfed? My dude is but if he takes a bottle of my pumped milk it's 4oz.","06/19/2022, 00:00:00"
562916025380547,https://facebook.com/562916025380547,562340958771387,Monica Clarke-Sather my daughter was breastfed for her first month but I stop producing so she’s been formula fed ever since,"06/19/2022, 00:00:00"
562361505435999,https://facebook.com/562361505435999,562280428777440,My little boy is 7 months and we are having this issue atm 😭 he used to sleep till 530 now wakes every 2-3 hours,"06/18/2022, 00:00:00"
562425675429582,https://facebook.com/562425675429582,562280428777440,My LO is 12 weeks almost 3 months. He has been sleeping through the night since he was a month and a half(at 7-8 weeks) What i do is give my baby a bath every other night and put bedtime lotion on him and feed him that last bottle before i put him to sleep around the same time if i can,"06/18/2022, 00:00:00"
562408645431285,https://facebook.com/562408645431285,562280428777440,He’s so chunky I love it!!,"06/18/2022, 00:00:00"
562983648707118,https://facebook.com/562983648707118,562280428777440,He is sooooo cute. Sorry ive no tips 💕,"06/19/2022, 00:00:00"
564425451896271,https://facebook.com/564425451896271,562280428777440,What a big boy! He’s adorable!,"06/21/2022, 21:06:56"
562390972099719,https://facebook.com/562390972099719,562280428777440,No advice but holy moly the cutest baby everrrr! 😍😍,"06/18/2022, 00:00:00"
563270922011724,https://facebook.com/563270922011724,562390972099719,Thank you 💕💕,"06/19/2022, 00:00:00"
564559661882850,https://facebook.com/564559661882850,562280428777440,Just here admiring how chubby your baby is!!! 😍😍😍 this is my baby girl ! Chubby baby’s are the best!!!,"06/22/2022, 02:06:57"
564886521850164,https://facebook.com/564886521850164,564559661882850,Love it! She's is soooo cute! 💞💞💞,"06/22/2022, 13:07:42"
563115448693938,https://facebook.com/563115448693938,562280428777440,Fresh air helps us alot!,"06/19/2022, 00:00:00"
562611615410988,https://facebook.com/562611615410988,562280428777440,I’m obsessed with the rolls! ♥️♥️♥️,"06/18/2022, 00:00:00"
562366858768797,https://facebook.com/562366858768797,562280428777440,Omg love him❤️ he is super chubby 🤩 no advice but just here to say u r very lucky 🤩,"06/18/2022, 00:00:00"
563063428699140,https://facebook.com/563063428699140,562280428777440,My buddy he’s 3 months old but he sleep more than 3 hours. 😍,"06/19/2022, 00:00:00"
562639095408240,https://facebook.com/562639095408240,562280428777440,"Oh my goodness!! What are you feeding him, he's soo delicious 😍😍😍","06/19/2022, 00:00:00"
564193661919450,https://facebook.com/564193661919450,562639095408240,Just my milk lolol started solids last week,"06/21/2022, 00:00:00"
563230652015751,https://facebook.com/563230652015751,562280428777440,Omg those rolls 🥰♥️ he is SO CUTE!!!!!,"06/19/2022, 00:00:00"
562424558763027,https://facebook.com/562424558763027,562280428777440,WHAT A LITTLE CHUNK!!! 😍🥺😍🥺 I just want to smoosh him omg,"06/18/2022, 00:00:00"
562581615413988,https://facebook.com/562581615413988,562280428777440,I have no advice. My 8 month old still wakes up 3-4 times a night. 🥴,"06/18/2022, 00:00:00"
563905178614965,https://facebook.com/563905178614965,562280428777440,About the same.. babe is gorgeous!!,"06/20/2022, 00:00:00"
562345522104264,https://facebook.com/562345522104264,562280428777440,"No help here, but those thigh rolls!! 🥰🥰","06/18/2022, 00:00:00"
562639902074826,https://facebook.com/562639902074826,562280428777440,Lil chunky monkey is so cute 😍,"06/19/2022, 00:00:00"
563261198679363,https://facebook.com/563261198679363,562280428777440,Can I just say he is delicious !!!,"06/19/2022, 00:00:00"
563016455370504,https://facebook.com/563016455370504,562280428777440,My baby is 8.5months and wakes up 3-4times at night 🙂 it is normal until 1year,"06/19/2022, 00:00:00"
562503445421805,https://facebook.com/562503445421805,562280428777440,"My 3 YEAR old wakes every 3 hours still, LORD help me 😒🥱🥴","06/18/2022, 00:00:00"
563050902033726,https://facebook.com/563050902033726,562280428777440,"I feed when wanted all day and he’s in bed at 9 sleeps
Till 2-3 then wakes up at 5-7","06/19/2022, 00:00:00"
562360912102725,https://facebook.com/562360912102725,562280428777440,What a cute chunky baby!!,"06/18/2022, 00:00:00"
563223805349769,https://facebook.com/563223805349769,562280428777440,Omg what a cute chunky babe!! 🥰,"06/19/2022, 00:00:00"
562350445437105,https://facebook.com/562350445437105,562280428777440,We try to do 2.5 hour wake windows,"06/18/2022, 00:00:00"
562844745387675,https://facebook.com/562844745387675,562280428777440,"Oh my god... your baby's so cute....🥰
Hug for your baby's from Indonesia 😘","06/19/2022, 00:00:00"
562430958762387,https://facebook.com/562430958762387,562280428777440,Do you give him baby food yet,"06/18/2022, 00:00:00"
563863888619094,https://facebook.com/563863888619094,562430958762387,Yes we got the ok from his Dr. to start at 5 months so slowly introducing some starter purees and cereal. Going to work on feeding a bit more throughout the day.,"06/20/2022, 00:00:00"
563885725283577,https://facebook.com/563885725283577,562430958762387,Monica Clarke-Sather oh ok my doctor told me to start at 4 months once I did she would sleep for 6 hour straight otherwise every two hours she was up,"06/20/2022, 00:00:00"
563137898691693,https://facebook.com/563137898691693,562280428777440,I LOVE HIM STOP IT RIGHT NOW,"06/19/2022, 00:00:00"
562340792104737,https://facebook.com/562340792104737,562280428777440,Omg! Adorable!! Just here for the rolls 🥐😍🤣,"06/18/2022, 00:00:00"
562833202055496,https://facebook.com/562833202055496,562340792104737,Too funny you used the 🥐 cuz we call his rolls croissants lol,"06/19/2022, 00:00:00"
562924765379673,https://facebook.com/562924765379673,562340792104737,Monica Clarke-Sather the accuracy 🥰🤣🤣🤣 too cute!!,"06/19/2022, 00:00:00"
562660468739436,https://facebook.com/562660468739436,562280428777440,Look at them rolls!!! I wana nibble!!!,"06/19/2022, 00:00:00"
562374328768050,https://facebook.com/562374328768050,562280428777440,He is just gorgeous!! Xx,"06/18/2022, 00:00:00"
562864688719014,https://facebook.com/562864688719014,562280428777440,Awww he's so chunky. So cute!!!,"06/19/2022, 00:00:00"
563094985362651,https://facebook.com/563094985362651,562280428777440,unpopular info: i started BLW with my daughter around this age and rice helped her sleep better thru the nice,"06/19/2022, 00:00:00"
564196815252468,https://facebook.com/564196815252468,563094985362651,Arnesha Harris I'll keep that in mind! We are gonna start BLW at 6 months,"06/21/2022, 00:00:00"
564220888583394,https://facebook.com/564220888583394,563094985362651,Monica Clarke-Sather yes it helps wonders and oatmeal for breakfast lol,"06/21/2022, 00:00:00"
562356795436470,https://facebook.com/562356795436470,562280428777440,Mine is 8 months and wakes up 3-4 hours 😅,"06/18/2022, 00:00:00"
563263658679117,https://facebook.com/563263658679117,562356795436470,Dang lol,"06/19/2022, 00:00:00"
562398378765645,https://facebook.com/562398378765645,562280428777440,Nothing to do with sleep but your baby is so cute 🥹,"06/18/2022, 00:00:00"
563273258678157,https://facebook.com/563273258678157,562398378765645,Thank you 💕💕,"06/19/2022, 00:00:00"
563557091983107,https://facebook.com/563557091983107,562280428777440,What a beautiful baby!!!?,"06/20/2022, 00:00:00"
562334815438668,https://facebook.com/562334815438668,562280428777440,How many ounces is he drinking before bed? Our wake windows are 1.75-2.5 hours.,"06/18/2022, 00:00:00"
562830122055804,https://facebook.com/562830122055804,562334815438668,Our wake windows are about the same. My baby is breast fed but I've been giving him a bottle of my pumped milk at night to help keep him full and it's 4oz.,"06/19/2022, 00:00:00"
562943555377794,https://facebook.com/562943555377794,562334815438668,Monica Clarke-Sather my son is 5 months tomorrow. And after a month of waking every two hours we used the book 12 hours in 12 weeks to get him to one night feed. I never ever thought possible!,"06/19/2022, 00:00:00"
563848335287316,https://facebook.com/563848335287316,562280428777440,Omg he us so adorable 🥰,"06/20/2022, 00:00:00"
562417068763776,https://facebook.com/562417068763776,562280428777440,8 months in and my baby still wakes every 2 to 3 max 3.5 hrs during the night to nurse,"06/18/2022, 00:00:00"
563276372011179,https://facebook.com/563276372011179,562417068763776,SOS lol my baby is breastfed also.,"06/19/2022, 00:00:00"
562362905435859,https://facebook.com/562362905435859,562280428777440,Just had to say- sooo adorable!!🤗,"06/18/2022, 00:00:00"
563159895356160,https://facebook.com/563159895356160,562280428777440,This is what I have been following. 😊,"06/19/2022, 00:00:00"
564199668585516,https://facebook.com/564199668585516,563159895356160,Brooke Paxton saved for reference. Thank you!,"06/21/2022, 00:00:00"
564231691915647,https://facebook.com/564231691915647,563159895356160,Monica - best of luck to you! 😊💚,"06/21/2022, 00:00:00"
563230225349127,https://facebook.com/563230225349127,562280428777440,Omg he is THE CUTEST!!!!🤗💕,"06/19/2022, 00:00:00"
562410262097790,https://facebook.com/562410262097790,562280428777440,Gotta wake up and eat for those “gainz” 😅,"06/18/2022, 00:00:00"
563275035344646,https://facebook.com/563275035344646,562410262097790,Hahah love it 💕,"06/19/2022, 00:00:00"
563692891969527,https://facebook.com/563692891969527,562280428777440,"1.5 hr wake windows, 1.5-2 hrs naps. Bed by 645/7pm.","06/20/2022, 00:00:00"
563759225296227,https://facebook.com/563759225296227,562280428777440,No advice but that's a cute freaking baby 😍,"06/20/2022, 00:00:00"
562693532069463,https://facebook.com/562693532069463,562280428777440,My son is 3 months and still wakes,"06/19/2022, 00:00:00"
562416375430512,https://facebook.com/562416375430512,562280428777440,Just here to say he is so cute 🥰,"06/18/2022, 00:00:00"
563276128677870,https://facebook.com/563276128677870,562416375430512,Thank you 💕💕,"06/19/2022, 00:00:00"
562410052097811,https://facebook.com/562410052097811,562280428777440,Oh my chunk😍 obsessed 😍,"06/18/2022, 00:00:00"
562514812087335,https://facebook.com/562514812087335,562280428777440,HE IS SO CUTE,"06/18/2022, 00:00:00"
562359955436154,https://facebook.com/562359955436154,562280428777440,Exposure to sunlight,"06/18/2022, 00:00:00"
563263938679089,https://facebook.com/563263938679089,562359955436154,Yes we've been trying to get out more. Lots of walks and outside play.,"06/19/2022, 00:00:00"
562489648756518,https://facebook.com/562489648756518,562280428777440,Oh my god he is soooooo cute😭❤️,"06/18/2022, 00:00:00"
563865228618960,https://facebook.com/563865228618960,562489648756518,Thank you lol 💕💕💕,"06/20/2022, 00:00:00"
563158942022922,https://facebook.com/563158942022922,562280428777440,I’m only here to say he’s so CUTEEEE 🥹,"06/19/2022, 00:00:00"
562414455430704,https://facebook.com/562414455430704,562280428777440,Omg he is so cute!,"06/18/2022, 00:00:00"
563275608677922,https://facebook.com/563275608677922,562414455430704,Thank you 💕💕,"06/19/2022, 00:00:00"
562371232101693,https://facebook.com/562371232101693,562280428777440,Omggg them rolls. 😍😍😍,"06/18/2022, 00:00:00"
562856558719827,https://facebook.com/562856558719827,562280428777440,Please let me have that left leg….,"06/19/2022, 00:00:00"
564195891919227,https://facebook.com/564195891919227,562856558719827,Hahaha love it,"06/21/2022, 00:00:00"
563335368671946,https://facebook.com/563335368671946,562280428777440,Hhh sushi roll !!!!,"06/20/2022, 00:00:00"
562593815412768,https://facebook.com/562593815412768,562280428777440,Omg so chunk 💙,"06/18/2022, 00:00:00"
562389025433247,https://facebook.com/562389025433247,562280428777440,whoa that's a big baby! Amanda Anfone,"06/18/2022, 00:00:00"
562399575432192,https://facebook.com/562399575432192,562389025433247,i know looks so healthy! Such a cute boy,"06/18/2022, 00:00:00"
563724471966369,https://facebook.com/563724471966369,562280428777440,Samantha Wastney look at this bubba 😍,"06/20/2022, 00:00:00"
562931242045692,https://facebook.com/562931242045692,562280428777440,Ff,"06/19/2022, 00:00:00"
562372242101592,https://facebook.com/562372242101592,562280428777440,Omg 😍,"06/18/2022, 00:00:00"
564423998563083,https://facebook.com/564423998563083,562280428777440,😍😍 wow,"06/21/2022, 21:06:58"
562543175417832,https://facebook.com/562543175417832,562280428777440,Que contrates sleep coaching. 😊,"06/18/2022, 00:00:00"
562920578713425,https://facebook.com/562920578713425,562280428777440,Such a healthy baby boy. Swaddle warm bath before bed feeding him right before bed. White noise.,"06/19/2022, 00:00:00"
562435778761905,https://facebook.com/562435778761905,562280428777440,My chunky monkey is 5 months and goes to bed at 8pm and wakes at 6AM and wakes up 3 times in the night. Id recommend maybe earlier naps so mid morning early afternoon!,"06/18/2022, 00:00:00"
562355312103285,https://facebook.com/562355312103285,562280428777440,My daughters 5months. I give her 180ml ever 3-4 hours during the day and her last feed at 10 I get her 220ml and she normally sleeps till 6am,"06/18/2022, 00:00:00"
562400235432126,https://facebook.com/562400235432126,562280428777440,"Just here to say, that’s one chonky monkey!!!","06/18/2022, 00:00:00"
563273415344808,https://facebook.com/563273415344808,562400235432126,Haha right 💕💕🐵,"06/19/2022, 00:00:00"
563641055308044,https://facebook.com/563641055308044,562280428777440,Sheila Bubb,"06/20/2022, 00:00:00"
563641175308032,https://facebook.com/563641175308032,562280428777440,Erwin Smidy Schmidt Jr.,"06/20/2022, 00:00:00"
563064142032402,https://facebook.com/563064142032402,562280428777440,De Guzman Step Kevin,"06/19/2022, 00:00:00"
564196551919161,https://facebook.com/564196551919161,563064142032402,De Guzman Step Kevin omg soooooo cute and chunky! Love it 🥰🥰🥰,"06/21/2022, 00:00:00"
562468355425314,https://facebook.com/562468355425314,562280428777440,Debbie Bennet,"06/18/2022, 00:00:00"
562338145438335,https://facebook.com/562338145438335,562280428777440,Feed baby food before bed like porridge or something starchy xx,"06/18/2022, 00:00:00"
562435685428581,https://facebook.com/562435685428581,562280428777440,Omg ❤️❤️❤️,"06/18/2022, 00:00:00"
564594505212699,https://facebook.com/564594505212699,562280428777440,So adorable!❤️,"06/22/2022, 03:07:00"
564351668570316,https://facebook.com/564351668570316,562280428777440,Kerry-Anne Arnolds my Avery🥹,"06/21/2022, 17:07:00"
564226045249545,https://facebook.com/564226045249545,562280428777440,Chanaye White McNeil,"06/21/2022, 00:00:00"
563174595354690,https://facebook.com/563174595354690,562280428777440,"Omg,, soooo cuteeee!!","06/19/2022, 00:00:00"
563139448691538,https://facebook.com/563139448691538,562280428777440,So adorable!❤️,"06/19/2022, 00:00:00"
562821235390026,https://facebook.com/562821235390026,562280428777440,"I highly recommend checking her out
She teaches gentle method of sleep training without crying involved
She’s certified pediatric sleep consultant

https://
peanut.app.link/
ZNsN2D4jZqb","06/19/2022, 00:00:00"
562797025392447,https://facebook.com/562797025392447,562280428777440,He's gorgeous! 😍😍😍😍😍😍,"06/19/2022, 00:00:00"
562593265412823,https://facebook.com/562593265412823,562280428777440,He’s adorable.,"06/18/2022, 00:00:00"
562577505414399,https://facebook.com/562577505414399,562280428777440,so cute 😍,"06/18/2022, 00:00:00"
562531218752361,https://facebook.com/562531218752361,562280428777440,So adorable!❤️,"06/18/2022, 00:00:00"
562519065420243,https://facebook.com/562519065420243,562280428777440,SO CUTE! 🤗,"06/18/2022, 00:00:00"
562415188763964,https://facebook.com/562415188763964,562280428777440,Reagan says hi,"06/18/2022, 00:00:00"
563275962011220,https://facebook.com/563275962011220,562415188763964,Hi Reagan 💕💕 my little guy is Reign!,"06/19/2022, 00:00:00"
562404838764999,https://facebook.com/562404838764999,562280428777440,💙💙💙what a cutie ☺️,"06/18/2022, 00:00:00"
562402332098583,https://facebook.com/562402332098583,562280428777440,Following,"06/18/2022, 00:00:00"
562392505432899,https://facebook.com/562392505432899,562280428777440,Mine too,"06/18/2022, 00:00:00"
562372118768271,https://facebook.com/562372118768271,562280428777440,So cute!!!,"06/18/2022, 00:00:00"
562345205437629,https://facebook.com/562345205437629,562280428777440,Ryan Northover our baby 🥹,"06/18/2022, 00:00:00"
562345615437588,https://facebook.com/562345615437588,562345205437629,Lunah Gurung so cute xx❤️,"06/18/2022, 00:00:00"
562342775437872,https://facebook.com/562342775437872,562280428777440,He’s adorable.,"06/18/2022, 00:00:00"
562835112055305,https://facebook.com/562835112055305,562342775437872,Thank you 💕💕,"06/19/2022, 00:00:00"
