﻿id,url,reply_to,text,time
562238242114992,https://m.facebook.com/groups/babysleeptrainingtips/permalink/562238242114992/,,The Merlin sleepsuit: worth buying or not? My 8 week old baby girl only sleeps 2 to 3 hours max then wakes up every night. Help 😢,"06/18/2022, 13:22:21"
564298178575665,https://facebook.com/564298178575665,562238242114992,"Many safe sleep experts have expressed concern about the potential for a baby to overheat while sleeping in the Magic Sleepsuit. Even Merlin suggests “monitoring” the baby in the sleepsuit, emphasizing on their website that it's the responsibility of the parent or caregiver to ensure that the baby does not overheat. I think it is not very safe","06/21/2022, 00:00:00"
562351322103684,https://facebook.com/562351322103684,562238242114992,"Our second baby loved the Merlin sleep suit. We had two and also the next size up, which he didn’t really need at that point. Mostly either wore it with a short sleeve onesie or just his diaper. Our current 4 month old girl hates it. I randomly tried everything and in the end she loved a weighted sleep sack... even then, she’s not totally on board with it completely.","06/18/2022, 00:00:00"
562485338756949,https://facebook.com/562485338756949,562238242114992,"First time we tried it, she hated it. This is last night, she slept until 8am. Trying again tonight, but I think it’s great so far!","06/18/2022, 00:00:00"
562513948754088,https://facebook.com/562513948754088,562485338756949,"Katie Jones what a cutie, how do you manage the heat during summer? It is thick and heavy","06/18/2022, 00:00:00"
562629848742498,https://facebook.com/562629848742498,562485338756949,"Nessy Al-Hebshi it is pretty thick, we usually keep our house kind cold though so it doesn’t affect her! I just cover up her little feet Bc she kicks socks off haha","06/19/2022, 00:00:00"
562700032068813,https://facebook.com/562700032068813,562485338756949,Katie Jones god bless her 🙏,"06/19/2022, 00:00:00"
564982871840529,https://facebook.com/564982871840529,562485338756949,Katie Jones tried it for 2 nights and has been a success,"06/22/2022, 15:41:43"
564854778520005,https://facebook.com/564854778520005,562238242114992,8 weeks? 😬 aren’t they still too little and need to eat every 3 hours? My baby is going on 2 months and wakes up to eat about every 3 hours. But I thought their supposed to… seems too little to me for them to sleep the entire night but idk that’s just me,"06/22/2022, 12:04:41"
564944911844325,https://facebook.com/564944911844325,564854778520005,Araceli Cruz after babies pass their birth weight you don’t have to wake them up to feed,"06/22/2022, 15:04:44"
564945561844260,https://facebook.com/564945561844260,564854778520005,Yaslin Mazzan I don’t wake her up. She wakes up on her own,"06/22/2022, 15:04:44"
562345258770957,https://facebook.com/562345258770957,562238242114992,"My friend got me one because her son only slept in it and slept through the night with it on and the Hatch. He’s too small right now for his suit, but we have the Hatch and it’s a lifesaver!","06/18/2022, 00:00:00"
563222452016571,https://facebook.com/563222452016571,562345258770957,Belle Beach I recently bought one how can I make the most out of it?,"06/19/2022, 00:00:00"
563222982016518,https://facebook.com/563222982016518,562345258770957,Michelle Pineda my son is too small to wear his suit right now. But I recommend getting the Hatch sound machine if you need a sound machine,"06/19/2022, 00:00:00"
563223428683140,https://facebook.com/563223428683140,562345258770957,Belle Beach I’m sorry I didn’t specify but I’m talking about the hatch tonight is our first night trying it,"06/19/2022, 00:00:00"
563224195349730,https://facebook.com/563224195349730,562345258770957,Michelle Pineda he likes the music sounds and loves the water noise it makes. I have the volume turned up pretty high and we use the light blue light but have it dimmed. Works well for us,"06/19/2022, 00:00:00"
562477125424437,https://facebook.com/562477125424437,562238242114992,We loved it but we bought it too late (4months) so she only used it for a month and we’re using the sleep-sack now,"06/18/2022, 00:00:00"
563664041972412,https://facebook.com/563664041972412,562238242114992,"YES! We started using this about 10 days ago with our 5 month old. Omg. We went from 1-2 nighttime wake-up’s to a full stretch of sleep from ~7:30pm-5:00am.
We’re still working on that wake up time. The first night our LO woke up around 11pm screaming but was rocked back to sleep quickly. We haven’t heard a peep from her at night since then. I am kind of afraid that we’ll have a regression when we stop using this though. Can anyone speak to that?","06/20/2022, 00:00:00"
564453665226783,https://facebook.com/564453665226783,562238242114992,"It’s so hard to say until you try it! I was sure my son would love it and he isn’t at fan… at all
I notice with having a baby it’s real a trial and error.","06/21/2022, 22:04:41"
564712665200883,https://facebook.com/564712665200883,562238242114992,We’ve been using it this week along with CIO. The first 2 nights were kinda rough but last night she only woke 2times to eat at almost 5hrs and then after 3.5. I just put my daughter in her diaper and keep the house at 68 and turn the fan on in her room. We like it cold at night anyways.,"06/22/2022, 07:04:41"
562486085423541,https://facebook.com/562486085423541,562238242114992,Absolutely 100% yes! My daughter has been using it since 9 weeks. When we first started using it she’d only wake up 2-3 times a night for a feeding. Now she’s 5 months and sleeping though the night. I dream feed around 3 to avoid having to pump.,"06/18/2022, 00:00:00"
562354465436703,https://facebook.com/562354465436703,562238242114992,It was perfect for 2.5 months to 4.5 months when she started rolling. She slept so good,"06/18/2022, 00:00:00"
562354578770025,https://facebook.com/562354578770025,562354465436703,Mine just wore her diaper under it,"06/18/2022, 00:00:00"
562427035429446,https://facebook.com/562427035429446,562238242114992,Yes !! This suit works like magic . The only thing is it can get really hot so I only put a onesie on my baby and they stay cool,"06/18/2022, 00:00:00"
562465862092230,https://facebook.com/562465862092230,562238242114992,Bought about a month ago and baby is sleeping 5-6 to 8+ hours a night he seems to always settle quicker when putting him in before bedtime.,"06/18/2022, 00:00:00"
562535438751939,https://facebook.com/562535438751939,562238242114992,We just started using a week ago and she LOVES it. Sleeps almost all night and she’s 3 and a half months.,"06/18/2022, 00:00:00"
564345168570966,https://facebook.com/564345168570966,562238242114992,Trying it out. Is she too small for it?,"06/21/2022, 17:04:41"
562538782084938,https://facebook.com/562538782084938,562238242114992,Semi worked for my son. He is 5 months. I think it helped with his reflexes but still wakes up 2-3 time a night to eat.,"06/18/2022, 00:00:00"
562879185384231,https://facebook.com/562879185384231,562538782084938,Nancy Vera assume you have to remove it completely for feed and changes?,"06/19/2022, 00:00:00"
562914322047384,https://facebook.com/562914322047384,562538782084938,"Sam Moses I actually just keep it on. And I don’t change his diaper at night. This helps him stay asleep longer. I do a really good job changing him often during the day time. He’s never had a diaper rash either. So it works for him. Luckily also with feeding, they only last 10-15 min and then he goes back to sleep.","06/19/2022, 00:00:00"
562864275385722,https://facebook.com/562864275385722,562238242114992,"I love, love, love this thing. My son started sleeping through the night almost as soon as we started using it.","06/19/2022, 00:00:00"
562504952088321,https://facebook.com/562504952088321,562238242114992,My baby doesn't like it too much. He prefers the nested bean one,"06/18/2022, 00:00:00"
562491225423027,https://facebook.com/562491225423027,562238242114992,"we used this to transition from the swaddle, he loved it!!","06/18/2022, 00:00:00"
564207451918071,https://facebook.com/564207451918071,562238242114992,Our daughter loved it! Definitely worth it!,"06/21/2022, 00:00:00"
562486858756797,https://facebook.com/562486858756797,562238242114992,I got it for my 2 1/2 month old and he is 3 1/2 months now and he still wakes up 2 to 3 times a night. Never made that big of a difference for him,"06/18/2022, 00:00:00"
562468922091924,https://facebook.com/562468922091924,562238242114992,Game changer. Would of paid double! First time I got a full nights sleep after months.,"06/18/2022, 00:00:00"
564205935251556,https://facebook.com/564205935251556,562238242114992,"For an 8 week old baby, they are supposed to wake up 2-3 hours still. I would wait alittle longer to try that.","06/21/2022, 00:00:00"
562390435433106,https://facebook.com/562390435433106,562238242114992,"I got it. Baby liked it, but it’s to hot in the house","06/18/2022, 00:00:00"
563236038681879,https://facebook.com/563236038681879,562238242114992,Our son loved it! As soon as we put him in the suit he would sleep for the whole night most days.,"06/19/2022, 00:00:00"
562571335415016,https://facebook.com/562571335415016,562238242114992,Never worked for us,"06/18/2022, 00:00:00"
564386025233547,https://facebook.com/564386025233547,562238242114992,Both of my boys loved it !!,"06/21/2022, 19:04:41"
564315391907277,https://facebook.com/564315391907277,562238242114992,"My girl Hates it, she wakes from 3 am every 45 minutes on it. i dunno if to sell it or burn it!! Dont get your hopes up like I did","06/21/2022, 00:00:00"
562414402097376,https://facebook.com/562414402097376,562238242114992,Yes!!! It truly is magical!,"06/18/2022, 00:00:00"
563762928629190,https://facebook.com/563762928629190,562238242114992,2-3 hour stretches is pretty normal for a baby that young,"06/20/2022, 00:00:00"
562333988772084,https://facebook.com/562333988772084,562238242114992,I just bought a 2nd one yesterday cuz my daughter LOVES it!,"06/18/2022, 00:00:00"
562338915438258,https://facebook.com/562338915438258,562333988772084,Maddy Neuhofer do you put anything under it?,"06/18/2022, 00:00:00"
562340018771481,https://facebook.com/562340018771481,562333988772084,Sonya our place gets super humid so I usually leave her in a diaper or a short sleeve onsie and then have a fan pointed towards her feet/torso,"06/18/2022, 00:00:00"
562340405438109,https://facebook.com/562340405438109,562333988772084,Maddy Neuhofer im debating on whether i should get it or not,"06/18/2022, 00:00:00"
562343065437843,https://facebook.com/562343065437843,562333988772084,"Sonya every baby is different, I was hesitant at first but she'll nap for 2 hours, she sleeps from 7-8pm til about 3am and back asleep til about 7-8am","06/18/2022, 00:00:00"
562343465437803,https://facebook.com/562343465437803,562333988772084,"Maddy Neuhofer my son doesnt really sleep much during the day, like his naps are very short","06/18/2022, 00:00:00"
562344755437674,https://facebook.com/562344755437674,562333988772084,Sonya try putting him in the bath or taking him outside! That usually helps!,"06/18/2022, 00:00:00"
562390432099773,https://facebook.com/562390432099773,562238242114992,My son was going having it. He likes to sleep on his side,"06/18/2022, 00:00:00"
564930875179062,https://facebook.com/564930875179062,562238242114992,Soooo worth it! My boy will be rolling over anytime now and im so worried about transitioning him out of the merlin 😭,"06/22/2022, 14:04:42"
564694278536055,https://facebook.com/564694278536055,562238242114992,My little man loves it he sleeps all night now,"06/22/2022, 07:04:42"
562429985429151,https://facebook.com/562429985429151,562238242114992,Yes!!! My son sleeps through the night since we started using this b,"06/18/2022, 00:00:00"
562440608761422,https://facebook.com/562440608761422,562238242114992,Too hot for my baby didn't work 😪,"06/18/2022, 00:00:00"
563706168634866,https://facebook.com/563706168634866,562238242114992,Yes yes yes! My little one loves it!,"06/20/2022, 00:00:00"
562929088712574,https://facebook.com/562929088712574,562238242114992,Yes 100% worth it!! But your Lo will probably hate it first time but don’t worry keep trying!,"06/19/2022, 00:00:00"
564406225231527,https://facebook.com/564406225231527,562238242114992,Yes buy it !!,"06/21/2022, 20:04:42"
562419998763483,https://facebook.com/562419998763483,562238242114992,Yes!,"06/18/2022, 00:00:00"
562354745436675,https://facebook.com/562354745436675,562238242114992,Yes!,"06/18/2022, 00:00:00"
562405018764981,https://facebook.com/562405018764981,562238242114992,Yes!!!!!!,"06/18/2022, 00:00:00"
562502035421946,https://facebook.com/562502035421946,562238242114992,Yes!,"06/18/2022, 00:00:00"
564068625265287,https://facebook.com/564068625265287,562238242114992,Yes!,"06/21/2022, 00:00:00"
564265891912227,https://facebook.com/564265891912227,562238242114992,I found one on marketplace for $5 abs baby loved it slept through the night!,"06/21/2022, 00:00:00"
564455258559957,https://facebook.com/564455258559957,562238242114992,We love ours,"06/21/2022, 22:04:42"
563951198610363,https://facebook.com/563951198610363,562238242114992,Mike Blackwell,"06/20/2022, 00:00:00"
563854418620041,https://facebook.com/563854418620041,562238242114992,Vy Nguyen Liu,"06/20/2022, 00:00:00"
563739828631500,https://facebook.com/563739828631500,562238242114992,100% worth it!!!!,"06/20/2022, 00:00:00"
563674728638010,https://facebook.com/563674728638010,562238242114992,Absolutely!,"06/20/2022, 00:00:00"
562936432045173,https://facebook.com/562936432045173,562238242114992,Worth it!,"06/19/2022, 00:00:00"
562813118724171,https://facebook.com/562813118724171,562238242114992,Didn’t work for my unfortunately,"06/19/2022, 00:00:00"
562480435424106,https://facebook.com/562480435424106,562238242114992,It's not safe,"06/18/2022, 00:00:00"
562456182093198,https://facebook.com/562456182093198,562238242114992,"If anyone is interested in buying it I have 15% off code on their website!!
KAYLAC15","06/18/2022, 00:00:00"
562437318761751,https://facebook.com/562437318761751,562238242114992,Didn’t work for me!!!,"06/18/2022, 00:00:00"
562416465430503,https://facebook.com/562416465430503,562238242114992,My son is doing great with it !!,"06/18/2022, 00:00:00"
562404935431656,https://facebook.com/562404935431656,562238242114992,Worth it 100%,"06/18/2022, 00:00:00"
562368028768680,https://facebook.com/562368028768680,562238242114992,My son hated it 😭,"06/18/2022, 00:00:00"
562353808770102,https://facebook.com/562353808770102,562238242114992,Look on Mercari you can find them cheap,"06/18/2022, 00:00:00"
