﻿id,url,reply_to,text,time
562974025374747,https://m.facebook.com/groups/babysleeptrainingtips/permalink/562974025374747/,,"8 week old bedtime⁉️
And is your baby sleeping through the night? 3 month old bedtime⁉️ And is your baby sleeping through the night? TIA!","06/19/2022, 13:55:12"
563311785340971,https://facebook.com/563311785340971,562974025374747,8:30 bath bottle a little free time swaddle and bed this is what I do for my 3month old and she sleeps through the night I’ve been doing this night time routine with her since she was a month old,"06/20/2022, 00:00:00"
563108475361302,https://facebook.com/563108475361302,562974025374747,My baby is 6 months old and does not sleep through the night. He wakes up for one feed usually. Sometimes twice. He is teething so he wakes up every 3 hours if that is bothering him.,"06/19/2022, 00:00:00"
563666301972186,https://facebook.com/563666301972186,562974025374747,"3 months, almost 4. We start our bedtime routine at 6:30/7. Bath, little massage and play time, then its bottle and reading time. She usually sleeps through the night, waking up around 5. Which is fine because i get to hangout with her before taking her to the babysitter for my workday.","06/20/2022, 00:00:00"
563649231973893,https://facebook.com/563649231973893,562974025374747,"My 10 week old not sleeping through night but normally does 6 hours and we aim to have her in her crib between 8 and 9, bottle when she wakes around 3 and then back down around 4 until between 6 and 7. We come down change and then she has another nap for around an hour. X","06/20/2022, 00:00:00"
563137782025038,https://facebook.com/563137782025038,562974025374747,"My baby boy definitely didn’t sleep through the night till 3 months, he was bottle fed tho..
He is 4 and 1/2 months and he sleeps like 7 hours maybe 8. He was sleeping 9-10 but he’s gone through a little bit of sleep change.
But definitely start putting him in his own bed as early as possible.","06/19/2022, 00:00:00"
563066212032195,https://facebook.com/563066212032195,562974025374747,"My son started sleeping through the night @8wks. He was such a brilliant baby. Now, my twins on the other hand are 3 months old and still wake during the night 😭😭😭","06/19/2022, 00:00:00"
563379685334181,https://facebook.com/563379685334181,562974025374747,"Baby girl is 3.5 months. Started sleeping through (7pm-5am) about 2 weeks ago. Not perfect.... she quirms and half wakes every so hour then goes back to sleep with little shshing and dummy. But weve come a long way from feeding at 7, 10, 2 and 5 again","06/20/2022, 00:00:00"
563062948699188,https://facebook.com/563062948699188,562974025374747,"When my little babe was 8 weeks, she went to bed at 9pm and slept until 7am","06/19/2022, 00:00:00"
563054208700062,https://facebook.com/563054208700062,562974025374747,We’ve always done between 6-7pm bed time and my boy wakes up once for a feed around 3am and then back down till 630/7am. Been like this since 5 weeks old and have hand a handful of sleep throughs. He’s 4 months now x,"06/19/2022, 00:00:00"
563112545360895,https://facebook.com/563112545360895,562974025374747,"Mine sleeps 8pm-4:30, has a feed and then usually goes until 7/7:30.
She wakes from last nap about 6/6:30. We usually go for a walk, or okay in the backyard, get my older daughter in her pjs, read a few books. Then she has her bath @ 7, right into a dim room with white noise on. Get PJs on and then I nurse her to sleep (works for us, I know lots will say this is a big no no)","06/19/2022, 00:00:00"
563118165360333,https://facebook.com/563118165360333,562974025374747,"I follow the French parenting style. The book “bringing up Bebe “ is a great book to read for fun and for parenting. I use “wait it out” instead of cry it out and he was sleeping through the night a week after I got the book. He’s now 4 months and sleeps through the night (except the last week for the 4 month regression/
growth spurt)","06/19/2022, 00:00:00"
563118362026980,https://facebook.com/563118362026980,563118165360333,He was around 2.5 months when I got the book,"06/19/2022, 00:00:00"
563134625358687,https://facebook.com/563134625358687,563118165360333,Deanna Gibson can u tell me more about “waiting it out” please,"06/19/2022, 00:00:00"
563135498691933,https://facebook.com/563135498691933,563118165360333,"Sarah Raafat Aly yes! So instead of grabbing them immediately to pick them up, you slowly wait longer and longer each time when he/she cries. 5 min wait, 10, 20,30, so on so fourth. And while doing it you don’t pick them up when hysterical just slightly uncomfortable cry. There are articles online you can look at!","06/19/2022, 00:00:00"
563139468691536,https://facebook.com/563139468691536,563118165360333,Deanna Gibson thanks,"06/19/2022, 00:00:00"
563044718701011,https://facebook.com/563044718701011,562974025374747,"My baby is 5 months old today, she has only slept through the night once since birth. The last month has been the worst with hourly wake-up’s from the 4th month sleep regression. My son is also 3.5 years and still wakes during the night occasionally.","06/19/2022, 00:00:00"
563072018698281,https://facebook.com/563072018698281,562974025374747,My 9 week old got goes down from 730-9 sometimes and wakes 2-3 hours to eat and change and goes back down. Usually first wake windows is 7-730amish start time,"06/19/2022, 00:00:00"
563062648699218,https://facebook.com/563062648699218,562974025374747,"At 8 weeks is when my baby started sleeping through the night. We start bedtime routine between 8:00-8:30, then feed her and she goes to sleep around 9:00-9:30.","06/19/2022, 00:00:00"
563083375363812,https://facebook.com/563083375363812,562974025374747,"My baby is almost 3 months
She wakes up once a night and goes down around 10pm at the moment
It will change once we have to get up earlier due to me going back to work and her going to daycare probably will be aiming to have her down anywhere between 8 and 9...","06/19/2022, 00:00:00"
564051501933666,https://facebook.com/564051501933666,562974025374747,I put my 4 month old down around 7-715 ish. Dream feed around 10 and she usually sleeps until I get her up at 630 am. Occasionally wakes around 5 for a bottle but goes right back tk bed.,"06/21/2022, 00:00:00"
563042635367886,https://facebook.com/563042635367886,562974025374747,Honestly I don’t know if it’s safe for an 8 week old to sleep through the night( I’m not a doctor so I have no clue though). My son is 8 months and goes to bed between 7-9 and still wakes up at least once…. Sometimes even 4 times. It’s rough😂😂🤦🏼‍♀️,"06/19/2022, 00:00:00"
563055712033245,https://facebook.com/563055712033245,563042635367886,Madison Smith if baby does it on their own and gaining weight then it’s fine.,"06/19/2022, 00:00:00"
563056152033201,https://facebook.com/563056152033201,563042635367886,Denee Sweat okay!😊,"06/19/2022, 00:00:00"
563085718696911,https://facebook.com/563085718696911,563042635367886,Madison Smith it’s fine. We over stress and listen to too much BS sometimes. I was the same. Now I let my baby sleep through the night,"06/19/2022, 00:00:00"
563169595355190,https://facebook.com/563169595355190,562974025374747,"Babe started sleeping through the night around 9 weeks once I started following his cues and not going by a schedule! I learned he liked to eat 4 oz every 2 hours 😱🤯 and this let him eat enough during the day that he didn’t need to wake to feed at night! Bedtime wasn’t strict until about 3 months when his routine became predictable! Bath at 7, bottle, swaddle, LOUD white noise then bed!","06/19/2022, 00:00:00"
563706055301544,https://facebook.com/563706055301544,563169595355190,Erin Baumgartner what sort of cues should i be looking out for please?,"06/20/2022, 00:00:00"
563707731968043,https://facebook.com/563707731968043,563169595355190,"Nina Armstrong Finlay rubbing eyes signals he’s tired, aggressively sucking on fingers or paci could mean he’s hungry! If he’s still crying after a full bottle or feed could mean he’s still hungry! Rule of thumb, minimum of 2 hours between feeds to avoid overfeeding but besides that, they can eat as often as they want!","06/20/2022, 00:00:00"
563049612033855,https://facebook.com/563049612033855,562974025374747,Haha. I have a 10 week old and he’s not sleeping through the night! He was only getting up twice a night now lately he’s been getting up 4 times a night. But I’m wondering if that has to do with him getting his first set of immunizations.,"06/19/2022, 00:00:00"
563107438694739,https://facebook.com/563107438694739,562974025374747,"I wish I had some sort of routine down. I feel like a failure sometimes. Honestly I feed my baby until she falls asleep for good. She usually take a short snooze for around 10-20 minutes sometime between 6 and 8. Then falls asleep for good between 10 and 12. She sometimes wakes up for a feeding in the middle of the night, sometimes she sleeps straight through. Usually up for good between 5 and 7. I have her white noise machine on continuously from 6 PM until she wakes up the next morning.","06/19/2022, 00:00:00"
563071312031685,https://facebook.com/563071312031685,562974025374747,Mine was always 11:30 pm slept 2-4 hrs. Then she got to 3 months and 4 months and it shifted. She gets ready at 8 bath time and bottle at 9 and she’s down by 930. Sleeps till 8 am but has 1 was feed maybe around 3 or 4,"06/19/2022, 00:00:00"
563048002034016,https://facebook.com/563048002034016,562974025374747,"my baby sleeps through the night. bath, baby massage, bottle, swaddle and she’s out by 10.
if your lo is not sleeping with you trying putting something that smells like you down","06/19/2022, 00:00:00"
563048682033948,https://facebook.com/563048682033948,563048002034016,Sabrina Lynn Contreras how old is your LO?,"06/19/2022, 00:00:00"
563049865367163,https://facebook.com/563049865367163,563048002034016,Joanna Martinez she’ll be 3 months next tuesday. slowly try a routine! also a white noise my lo loves bath filling on youtube they have a 10hour one bcus the white nose machines are expensive.,"06/19/2022, 00:00:00"
563124738693009,https://facebook.com/563124738693009,562974025374747,"I have an 8 week old and he is not sleeping through the night or even remotely close. Bedtime at 8 pm, gets settled in bassinet around 9:30￼￼ pm then up around 11:00 and then every 45 minutes ish after until 6 am then he will only contact sleep on me. This mama is exhausted","06/19/2022, 00:00:00"
563041315368018,https://facebook.com/563041315368018,562974025374747,"3 month old goes to bed between 6:30 - 7:30. Wakes up for bottle at 12pm and 4am, wake for day at 5:30 or 6. Will hopefully drop a feed in the next coming weeks.","06/19/2022, 00:00:00"
563057462033070,https://facebook.com/563057462033070,562974025374747,My son is 7 months and still wakes up about 4 times a night 😅 Bedtime around 8:00/8:30 (earlier or later and he wakes up even more),"06/19/2022, 00:00:00"
563054365366713,https://facebook.com/563054365366713,562974025374747,"3 months, sleeps 9 hours straight typically. Sometimes 5-6hours, a feed, then another 3. We don’t train or monitor schedule very much - just follow his cues. Bedtime is around 9.","06/19/2022, 00:00:00"
563068055365344,https://facebook.com/563068055365344,562974025374747,"In my opinion all babies are different my eldest was really good and wasn’t as strict.
My second lg I was so strict with routine and she has been a nightmare she sleeps through most nights now but they are so different you can follow all different ways but it’s just down to your little one. Just know your doing an amazing job and it will get easier 😀","06/19/2022, 00:00:00"
564295758575907,https://facebook.com/564295758575907,562974025374747,My baby sleeps all night she’s 2 months,"06/21/2022, 00:00:00"
563064892032327,https://facebook.com/563064892032327,562974025374747,10 months.. and still wakes up all throughout the night.! Have Had a routine for a long while now,"06/19/2022, 00:00:00"
563116598693823,https://facebook.com/563116598693823,562974025374747,"My baby at 8 & almost 12 weeks now has only been waking once at night, anytime between 1-5am. Have gone through a slight regression as she’s started rolling. Bedtime used to be 8pm and is now 9:30pm","06/19/2022, 00:00:00"
563116728693810,https://facebook.com/563116728693810,563116598693823,I found this is working for us now,"06/19/2022, 00:00:00"
563053078700175,https://facebook.com/563053078700175,562974025374747,11 months and mine only this week has slept through the night - 1930 to 0630. Prior was up 4 t 5 times a night for months with a mix of windy tummy and needing fed.,"06/19/2022, 00:00:00"
563163532022463,https://facebook.com/563163532022463,562974025374747,My baby didn't sleep through the night until 6.5 months. Good luck on finding some answers or advice to help make nights easier!,"06/19/2022, 00:00:00"
563088752029941,https://facebook.com/563088752029941,562974025374747,"my 8 week old goes to bed between 7 and midnight, she usually sleeps until 10am and will eat and then take another sleep around 11 until 1 or 2pm then eat again and sleep again for 3-4 hour periods until bedtime again but I think she might be going thru a grow spurt","06/19/2022, 00:00:00"
564332891905527,https://facebook.com/564332891905527,562974025374747,"My 4 babies slept 8 hours straight very early on. 2 of them at 8 weeks old, another at 12 weeks old and the fourth at 13 weeks old.

All of them slept 12 hours straight by the time they were 6 months old.

They are now 6, 4 and twins with 2 and still sleep 11:30 (older ones) 12 hours of sleep every night without interruptions!!
!

People I know now ask for my help with their babies!! 🤩","06/21/2022, 17:05:42"
564335508571932,https://facebook.com/564335508571932,564332891905527,Fragola Felice did you follow a schedule?,"06/21/2022, 17:05:49"
564336385238511,https://facebook.com/564336385238511,564332891905527,Joanna Martinez I tried to make sure they feed as much as they need during the day so that they’re not hungry at night. I also avoided letting them sleep too much during the day so that they have most of the sleep at night and slept during the day just enough not to get them overtired!,"06/21/2022, 17:05:49"
564338378571645,https://facebook.com/564338378571645,564332891905527,Fragola Felice how long did you let them nap for at a time? I try not to go over 2 hour naps. My LO will be 7 weeks tomorrow and has been really fussy lately. Struggling with how to keep him entertained for the little time he is awake.,"06/21/2022, 17:05:49"
564339595238190,https://facebook.com/564339595238190,564332891905527,"Joanna Martinez I experimented with my first and got better each time. It depends on the weeks, the older they grow the less they need. It also has to do with all that one does during the day to understand each case. Sorry not a straight answer as I don’t know your and your day activities 🙂","06/21/2022, 17:05:49"
564347968570686,https://facebook.com/564347968570686,564332891905527,"Joanna Martinez ah, came to my mind a good toy to entertain for these shorts moments of open eyes! 🙂 we don’t have them any longer at home as we gave to a friend but feel free to DM me so I can send you a link. 😉","06/21/2022, 17:05:49"
564912731847543,https://facebook.com/564912731847543,564332891905527,Fragola Felice I DMd you,"06/22/2022, 13:05:49"
564976301841186,https://facebook.com/564976301841186,564332891905527,"Great Joanna Martinez, thanks! I haven’t received it yet…","06/22/2022, 15:25:49"
563064318699051,https://facebook.com/563064318699051,562974025374747,7 1/2 months old and doesn’t sleep through the night. Has 1-2 feeds overnight. Sometimes he skips the feeds but still stirs x,"06/19/2022, 00:00:00"
563123312026485,https://facebook.com/563123312026485,562974025374747,"8mo been sleeping through the night since 5.5mo , fully sleep trained though.","06/19/2022, 00:00:00"
563123572026459,https://facebook.com/563123572026459,563123312026485,But I’ll say first 4.5mo was messy lol up every 30min-2hours EBF,"06/19/2022, 00:00:00"
563054188700064,https://facebook.com/563054188700064,562974025374747,My 9 months old still don't sleep all night.,"06/19/2022, 00:00:00"
563133742025442,https://facebook.com/563133742025442,562974025374747,My baby stays up til about midnight since that’s normally when I go to sleep she normally wakes up about 3-4am and then 7-8am. She is 7.5 weeks!,"06/19/2022, 00:00:00"
563044272034389,https://facebook.com/563044272034389,562974025374747,10 weeks. She Goes to bed with bottle 5:30pm asleep at 6pm and wakes up at 5am for a bottle then back down till 930am latest,"06/19/2022, 00:00:00"
563145482024268,https://facebook.com/563145482024268,562974025374747,***Sleeping through the night for baby means 4-5 hours*** 8 weeks old baby's are just starting to understand night from day. A schedule of any kind is extremely unlikely to exist or be consistent,"06/19/2022, 00:00:00"
563075345364615,https://facebook.com/563075345364615,562974025374747,3 months on the 20th EBF baby and he's been sleeping 830/9PM to 7/8AM for over 3 weeks now. Randomly a couple of times he's woken up at 5am and I just treated it like a middle of night feed and he'll go right back to sleep until 8 or 830.,"06/19/2022, 00:00:00"
563173578688125,https://facebook.com/563173578688125,562974025374747,My baby started sleeping through the night at 6 weeks besides occasionally a feed around 330. She was going to slee around 1030/1100 and now it’s 930/1000. She’s 12 weeks now,"06/19/2022, 00:00:00"
563050455367104,https://facebook.com/563050455367104,562974025374747,My baby girl will be 5 months old next week and sleeps though the night with maybe one wake up through the night. During 4 month regression had a few night of war ups every hour and rough naps during the day but I stuck to our routine as much as possible and it really helped her!!!! I am up through the night to pump so then I offer pumped breast milk in a bottle and dream feed her. We are on a close routine and I swear by it. She's a great napper too. I don't get it when moms don't rely on routine for their LO and just ride the flow. My baby thruves on routine,"06/19/2022, 00:00:00"
563065478698935,https://facebook.com/563065478698935,563050455367104,"Juliya Decker hi, can you share your baby routine with me!? I’m desperate to get a guideline for my boy, he keeps waking up at 2.30am then I put him back to sleep til 4.30/5 then a bottle then put him down again, wakes up 7/8","06/19/2022, 00:00:00"
563045905367559,https://facebook.com/563045905367559,562974025374747,My baby will be 3 months next week. Hes up every 3 hours. 7pm bedtime. 10 pm 1 am 4 am and 6 am for daycare.,"06/19/2022, 00:00:00"
563073198698163,https://facebook.com/563073198698163,562974025374747,"My 6 month old has only started sleeping through the night in the last month or so, she goes to bed any time between half 8 and 12, I just follow her lead. If I listen to what she wants she’s a much happier baby","06/19/2022, 00:00:00"
563079855364164,https://facebook.com/563079855364164,562974025374747,My baby was about 10 weeks old when he started sleeping through the night. We kept up with that same routine just moved up by an hour the old he got. He’s 3 months now and still sleeping from 9:30-7,"06/19/2022, 00:00:00"
563047902034026,https://facebook.com/563047902034026,562974025374747,"8 week old, wakes 1:30, 3, 5 and 7 x","06/19/2022, 00:00:00"
563076288697854,https://facebook.com/563076288697854,562974025374747,7week old. Bedtime 9. Sleeps till 439 then goes back to bed till 7. Breastfed baby.,"06/19/2022, 00:00:00"
563053048700178,https://facebook.com/563053048700178,562974025374747,Nope at neither age have they slept through the night,"06/19/2022, 00:00:00"
563070162031800,https://facebook.com/563070162031800,562974025374747,my son is almost 11 weeks and he been sleeping through the night since he was about a month old. i do the same routine every night around the same time,"06/19/2022, 00:00:00"
563082105363939,https://facebook.com/563082105363939,562974025374747,"My daughter is 3 months and goes to bed between 7 and 8, has slept through since 6 ish weeks","06/19/2022, 00:00:00"
563076402031176,https://facebook.com/563076402031176,562974025374747,"My boys 15 weeks/3 months and he has his last feed and change at 11, then straight to bed. He then doesn’t wake up until 9/10am","06/19/2022, 00:00:00"
563041378701345,https://facebook.com/563041378701345,562974025374747,"My baby was 8 weeks on Friday. We sleep through the night! We follow the Moms on Call schedules! Routine, routine, routine! She goes down for bed between 7:30 and 8 and wakes up around 6:45 to 7am!","06/19/2022, 00:00:00"
563047845367365,https://facebook.com/563047845367365,563041378701345,Ashley Hernandez kindly share full routine,"06/19/2022, 00:00:00"
563050548700428,https://facebook.com/563050548700428,563041378701345,"Nandita Roy anything specific?? We have a ton 😅

When we get up we immediately get dressed, eat, and play. When it’s time for naps I change her bottom, put on a sleep sac, sound machine, and light off. After 10 minutes of rocking, she goes in her crib and typically sleeps for an hour and a half. That is repeated throughout the day. For bed time, we read a story, bath, lotion, sleeper, sleep sac, sound machine, and small lamp, and a bottle. After she eats and burps, I rock for 10 min and lay her in crib.

The picture is our current schedule. I’d HIGHLY recommend picking up the moms on call book. There were a ton of helpful tips and routine ideas to help.","06/19/2022, 00:00:00"
563052588700224,https://facebook.com/563052588700224,563041378701345,"Ashley Hernandez How do you get your LO to follow the Moms on Call Schedule? I’ve been wanting to start this as my baby just turned 8 weeks but I’m not sure how to go about it. Sometimes it takes 10 minutes to put her down for a nap, sometimes it takes an hour 😅 Same with eating, it varies so much.","06/19/2022, 00:00:00"
563054542033362,https://facebook.com/563054542033362,563041378701345,"Nandita Roy it sounds kinda harsh… but I didn’t really give her an option. We eased into it, working just off busy day times first. Then when she had those times down, I jumped head first. If she didn’t fall asleep on me I layed her down and followed their sleep tips. It was really hard so we only do it for 2 naps a day, then I would hold her or let her sleep in the mamaroo. Feel free to message me with any questions or anything anytime 🙂","06/19/2022, 00:00:00"
563075942031222,https://facebook.com/563075942031222,563041378701345,Ashley Hernandez How much does she eat at bedtime feeding?,"06/19/2022, 00:00:00"
563080432030773,https://facebook.com/563080432030773,563041378701345,Nandita Roy 4-5 oz,"06/19/2022, 00:00:00"
563082538697229,https://facebook.com/563082538697229,563041378701345,"Nandita Roy let me tell you one thing, each baby is different. Someone’s baBy is sleeping through the night, doesn’t meaN yours will too. I also follow a schedule as I am highly organized. But my baBy still wakes up . She is 9 weeks. They will sleep through when they are ready. My baby the past 2 days ate like crazy. 40 ounces in 24 hours !! Cab you imagine? But now she is again taking 25-27 ounces in 24 hours. We can form a schedule and but we can’t control or force them.","06/19/2022, 00:00:00"
563085192030297,https://facebook.com/563085192030297,563041378701345,"Ashley Hernandez love this, I do the same and it works, but thinking of how to put baby back into sleep routine when unswaddled at 4 months I hope the reflexes are better coordinated by then.","06/19/2022, 00:00:00"
563086465363503,https://facebook.com/563086465363503,563041378701345,Nandita Roy I transitioned early out of the swaddle because she HATED it. We do a sleep sack and she loves it so much better! Best of luck mama!,"06/19/2022, 00:00:00"
564930348512448,https://facebook.com/564930348512448,563041378701345,Ashley Hernandez is your baby formula or breastfeeding?,"06/22/2022, 14:05:51"
563071468698336,https://facebook.com/563071468698336,562974025374747,We try put our 9 week old to bed between 6 and 7pm,"06/19/2022, 00:00:00"
563166275355522,https://facebook.com/563166275355522,562974025374747,At three months he went to sleep at 10 and woke up at 6 for a bottle then back to sleep till 9,"06/19/2022, 00:00:00"
563269525345197,https://facebook.com/563269525345197,563166275355522,Karri Kaski-Watkins that sounds like my dream 😂😍,"06/19/2022, 00:00:00"
563628975309252,https://facebook.com/563628975309252,563166275355522,Ashley Lipka I mean it was a wonderful blessing and I basically happened over night he was very colicky for the first few months then once we figured that out it felt like he wanted to catch up on the sleep he didn't get as a newborn 🤣,"06/20/2022, 00:00:00"
563091285363021,https://facebook.com/563091285363021,562974025374747,8 week old 6-7hrs of sleep,"06/19/2022, 00:00:00"
564409331897883,https://facebook.com/564409331897883,562974025374747,"Just entered month 3. We've kept to the same schedule the hospital gave us. He goes down between 9-10, wakes up between 6-7 to eat and then takes nap #1 until his next meal","06/21/2022, 20:05:42"
563645051974311,https://facebook.com/563645051974311,562974025374747,3 month old mama here… only bf…. She eats twice during the night but always falls back asleep right after,"06/20/2022, 00:00:00"
564288481909968,https://facebook.com/564288481909968,562974025374747,My 5.5 month old goes to bed around 8:30 wakes up around 2 for a small 3 oz bottle. Goes back to sleep until 6ish,"06/21/2022, 00:00:00"
563040988701384,https://facebook.com/563040988701384,562974025374747,"My baby will be 4 months next week. From 2,5 months we go bed at 7.30, he falls asleep by 8.30. Sleeps next to me crib. Wakes up at 6, but last 2 days he woke up around 8 🤗","06/19/2022, 00:00:00"
563041438701339,https://facebook.com/563041438701339,563040988701384,Sleeps all night without waking up 💕,"06/19/2022, 00:00:00"
563129305359219,https://facebook.com/563129305359219,562974025374747,My 4 month old has been sleeping through the night (most nights) since 2.5-3m,"06/19/2022, 00:00:00"
563111725360977,https://facebook.com/563111725360977,562974025374747,My baby started sleeping through the night around 5-6 weeks I felt bad but I started giving her extra ounces at her first and last feedings,"06/19/2022, 00:00:00"
563100552028761,https://facebook.com/563100552028761,562974025374747,My 3mo old is down anywhere from 730-9 it depends on the night really,"06/19/2022, 00:00:00"
563040438701439,https://facebook.com/563040438701439,562974025374747,2 and 3/4 months. Aka 11 weeks almost 3 months. He goes to bed between 8 and 10 pmdepends on if he’s napped or not. And wakes up between 5 and 6:30am no wake up in between.,"06/19/2022, 00:00:00"
563117568693726,https://facebook.com/563117568693726,562974025374747,Following,"06/19/2022, 00:00:00"
563114032027413,https://facebook.com/563114032027413,562974025374747,"ladies if any of you want to know more about your TTC, future pregnancies, pregnancy health, baby gender, delivery type,
is perfect place to try and ask
one simple short conception time Reading free
https://
www.facebook.com
/groups/
250160052498236/
?ref=share","06/19/2022, 00:00:00"
