﻿id,url,reply_to,text,time
564457365226413,https://m.facebook.com/groups/babysleeptrainingtips/permalink/564457365226413/,,Are there any *real* sleep training method that do not involve CIO? 💔 I just can’t let my LO cry 😢 but I desperately need some sleep. Ty!,"06/21/2022, 21:18:49"
564518475220302,https://facebook.com/564518475220302,564457365226413,"We didn’t do CIO bc I just couldn’t but I did just put my babe in his own room (7 months old) and that has don’t WONDERS for our sleep. The first few nights were hard bc I had to walk to his room to settle, feed and change him, but now he might wake up twice during the night. I think him waking up and seeing our bed and knowing we were right there made him wake up more when he would slightly wake and move around. Good luck!","06/22/2022, 00:04:07"
564561051882711,https://facebook.com/564561051882711,564457365226413,"I’ve used Taking Cara Babies! Life changing. Went from only 2-3 hour increments of sleep per night to now 9 hours! My LO is 10 weeks and she has been getting consistent sleep since a week after we started TCB’s newborn course (around 5 weeks old).

I say, always stick to a routine at a specific time frame. Ours is between 7-9pm, depending on her feedings. Throughout the day, I make sure to feed her every 2-3 hours. Naps are no longer than 2 hours. And by the time it’s bedtime, we start our routine: 1. Bath 2. Onesie 3. FULL FEED (we feed her max right now 5 oz of formula) 4. Spouse reads a book while I feed 5. Burp then let her digest a bit sitting slightly up in my arms. 6. Put her swaddle on 7. Bring her to her crib and sing her a lullaby (we have a hatch and put it on red light 10% and washer sound 30%) 8. Kiss goodnight 9. Place her in crib and leave the room.

We watch her on our camera until she falls asleep. Usually takes about 5-10 minutes. She sometimes gets a little fussy around 4am so I rock her a bit and give her her pacifier then put her back to bed.","06/22/2022, 02:04:07"
564633388542144,https://facebook.com/564633388542144,564561051882711,"Lo O'Connor question for you about napping…does your LO ever want to sleep longer than two hours and if so, how do you keep them awake after the two hour nap?
There are days lately when my LO wants to nap for 3/3.5 hours and when I try to wake her at the 2 hour mark, I have so much trouble keeping her awake through play and interacting 🤦🏽‍♀️🤦🏽‍♀️","06/22/2022, 05:04:10"
564653541873462,https://facebook.com/564653541873462,564561051882711,Lo O'Connor at 4am and being so young shes prob waking for a feeding...,"06/22/2022, 05:04:10"
564810041857812,https://facebook.com/564810041857812,564561051882711,"Brandi Delores it’s rare where she wants to nap longer than 2 hours. But when it’s been 2 hours, it’s usually time for a feeding anyways. So sometimes I’ll touch her chest and start talking to her. If she’s still sleepy, I pick her up and off her a bottle to her lips. Usually by then she’ll wake to feed.

And sometimes she’ll still be sleepy too after that long nap/feeding! I think it’s totally normal. Especially if it’s hot outside and we’re out and about. I just keep that in mind for her next wake window. For example, if she just took a long nap and she still wants to nap after her feeding, I let her nap again. I know now that her wake window after this nap will be extended. Sometimes to 2-2.5 hours! At this age according to TCB, they want their wake windows from 60-90 minutes, but sometimes it’s tough keeping them awake when you know they’re exhausted. Just listen to your baby. Don’t try to force it if they don’t want to. TCB is a guideline for you. But it’s up to you to adjust to your baby’s needs and this is what works for me and my baby. Hope that helps! 😁","06/22/2022, 10:04:10"
564813571857459,https://facebook.com/564813571857459,564561051882711,"Candice Castillo I thought this before! And I did feed her every time she got fussy/grunty (not crying). But after taking the TCB course, I tried just soothing her and rocking her back to bed. And it worked! If she started crying and I couldn’t soothe her back to bed, then I would feed her. But our pediatrician said she’s at a healthy weight and if she wants to sleep longer, to let her sleep longer.","06/22/2022, 10:04:10"
564965291842287,https://facebook.com/564965291842287,564561051882711,"Lo O'Connor my boy is about to be 6 weeks old-
I keep going back and forth if I should buy tcb or not.. can you give me the general jist and or what you love about the program?!","06/22/2022, 15:04:10"
564983315173818,https://facebook.com/564983315173818,564561051882711,"Courtney Coughlin If you don’t want to buy it, you can just go on her Instagram and watch all of her highlighted stories. Those alone are super helpful. But basically there are 6 tips that can help:
1. Swaddle (both arms in)
2. Wake a sleeping baby during the day (ex: don’t exceed 2 hour naps)
3. Use blackout curtains for naps/bedtime (we got one from Amazon) and keep it DARK. Should be dark enough to where you can’t really see your hand waving in front of your face.
4. Use a sound machine. We use a hatch on red light mode with washing machine sound at 30%. Should be enough to block outside noise. Not too loud.
5. Try to lay baby down at least once a day in the crib or bassinet during naps. If it doesn’t work, holding in your arms is fine as well as carrying them in a carrier (baby wearing).
6. Pay attention to wake windows for the age of your LO
7. When baby starts getting fussy/crying during naps/bedtime, you go through these steps to see if you can soothe them back to sleep. It’s called the SITBACK method.
S- Stop and observe. Let them cry/fuss for a bit.
I- Introduce sound (sound machine)
T- Touch their chest.
B- Binky
A- Add rocking (rock them in their crib by touching their chest and moving your hand slightly side to side)
C- Cuddle, pick them up and rock/cuddle them
K- K, it’s time to feed

Basically, give each letter about 20-30 seconds before continuing to the next letter. If you go through all of it/not responding to your soothing techniques, they’re probably hungry.

Sometimes my LO will wake up and all she needs is her pacifier and slightly louder sound machine.

Sorry, it was kind of hard to give just a jist of the program 😂. Hope this helps!","06/22/2022, 15:42:10"
564985321840284,https://facebook.com/564985321840284,564561051882711,Lo O'Connor THANK YOU! I did most of these with my almost 5 year old when she was a baby. Just been awhile lol need a refresher,"06/22/2022, 15:47:10"
564466871892129,https://facebook.com/564466871892129,564457365226413,"I did the Ferber method. It’s CIO for 3 minute increments in the beginning. After two nights, my twin boys no longer cried, unless they were overly tired and then I rocked them and put them down.","06/21/2022, 22:04:07"
564554671883349,https://facebook.com/564554671883349,564466871892129,Hahnna Zebert how old did you start this,"06/22/2022, 01:04:11"
564563895215760,https://facebook.com/564563895215760,564466871892129,Bersheena Thomas right before they turned 3 months!,"06/22/2022, 02:04:11"
564461848559298,https://facebook.com/564461848559298,564457365226413,Chair method? Technically I think they will all cry no matter what method but I tried this one & at least I was right there & knew he was okay. He was just mad lol then fell asleep 🙃,"06/21/2022, 22:04:07"
564465815225568,https://facebook.com/564465815225568,564457365226413,"My son is 13 months old and I just let him fall asleep in my bed then I move him to his.. I figure once he's in a toddler bed I'll lay down with him until he falls asleep, reading books and singing songs.. no real big difference","06/21/2022, 22:04:07"
564471798558303,https://facebook.com/564471798558303,564465815225568,Bethany Desmond we did this with our now 5 year old and he still needs us to put him to sleep 🥲,"06/21/2022, 22:04:12"
564490701889746,https://facebook.com/564490701889746,564465815225568,Bethany Desmond i did this with my first & he’s hands down my best sleeper!,"06/21/2022, 23:04:12"
564504458555037,https://facebook.com/564504458555037,564465815225568,"Bethany Desmond mine ( 2yrs old) wakes on transfer no matter how long I cuddle, it's the only way he goes to sleep, any top tips for transfer??","06/22/2022, 00:04:12"
564574561881360,https://facebook.com/564574561881360,564465815225568,"Emma Currie with my son I'll sometimes have to hold him and rock him for a bit on the edge of the bed, then move to standing and rocking and once I notice his breathing is even I just hold him still and after a couple minutes I'll lay him down on his side and he usually will stay asleep. But right now we are both fighting a cold so he's waking in the night a few times 😔","06/22/2022, 02:04:12"
564532168552266,https://facebook.com/564532168552266,564457365226413,I don’t know if this will help you. We started with getting her to nap in the crib for every nap once she got use to that we then started doing it at night. What we did was just established a routine and stick with it in the same order every single night. We would place her in the crib a little bit at a time slowly introduce the crib.,"06/22/2022, 01:04:07"
564555991883217,https://facebook.com/564555991883217,564532168552266,"Mica Danyl Lindsey he naps in his crib (own room), and sleeps in bassinet in our room. But still needs to be rocked and nursed EVERY TIME, plus, waking up at least every 3hrs 😞","06/22/2022, 01:04:12"
564627268542756,https://facebook.com/564627268542756,564532168552266,Diana Alexanderson I really wish I could be better help.,"06/22/2022, 04:04:12"
564893965182753,https://facebook.com/564893965182753,564532168552266,Diana Alexanderson thisnis happening to me as well we just turned 4 m today. I am just counting the days and hoping it will pass. If not at around 5/5.5 m when I start introducing food and he is still hungry will have to train him.,"06/22/2022, 13:04:12"
564509751887841,https://facebook.com/564509751887841,564457365226413,I’m not sure if the pause method falls under CIO but that’s what I’m doing and so far so good! When baby makes a noise or starts to cry take a pause before going to them (never longer than 5min). My babe is 4 months and sleeps from 9:00pm-8:00am with one morning wake around 4 (when dad leaves for work) for a diaper change and some boob milk.,"06/22/2022, 00:04:07"
564538218551661,https://facebook.com/564538218551661,564509751887841,Gracie Hamb can I have details,"06/22/2022, 01:04:13"
564551591883657,https://facebook.com/564551591883657,564509751887841,Gracie Hamb how is this?,"06/22/2022, 01:04:13"
564750801863736,https://facebook.com/564750801863736,564509751887841,Brittanie Ingram yes! It’s quite simple. The most important factor is having a bedtime routine. Bath bottle(or boob) book bed. I usually put baby sleep still at this point but he’s little enough I feel like for us it’s not a concern at this point. But the most important thing is when baby starts to fuss at night or make noise take a PAUSE before rushing to them. Sleep cycles between all mammals are interrupted between periods of awake between cycles so it’s normal for a baby to shuffle around or cry a little or in my case my boy grunts a lot. Just wait a few minutes and see if they fall back asleep naturally if not then there’s no reason in making them cry for 15 minutes or whatever the Ferber method is go help your baby.,"06/22/2022, 09:04:13"
564752261863590,https://facebook.com/564752261863590,564509751887841,Diana Alexanderson here is a good article about it!,"06/22/2022, 09:04:13"
564752331863583,https://facebook.com/564752331863583,564509751887841,"Diana Alexanderson https://
www.heavensentsl
eep.com/blog/
the-pause-and-wh
y-you-should-us
e-it","06/22/2022, 09:04:13"
564464835225666,https://facebook.com/564464835225666,564457365226413,"Try 5 mins increments. We started training our twins as young as 2 months. We had their sleep in their own room in their bassinets then cribs. We never really rocked them much. We did initially just for a couple of minutes until they are drowsy but not asleep.They will fall asleep in their sleeping space. So that worked. One baby had trouble falling asleep and staying asleep. Routine mattered to them. If you start training them at an older age, start with 5 minute increments. Wait until they learn to soothe themselves. Go in if they can’t fall asleep, then come back out. This is a gentle ferber method. Please try! All the best","06/21/2022, 22:04:07"
564986758506807,https://facebook.com/564986758506807,564457365226413,"I let my little one fall asleep with us in our bed, this has been something we have always done and I’m just not ready to give up the playtime and cuddles we have at night. Once he is asleep I take him to his crib. But he is able to fall asleep on his own at night and for naps. So we didn’t have a lot of sleep training to do.","06/22/2022, 15:51:07"
564514288554054,https://facebook.com/564514288554054,564457365226413,I did an altered version of The Ferber Method. I stuck to shorter check ins and now he puts him self to sleep in under 5 mins. He’s almost 5 months.,"06/22/2022, 00:04:07"
564578751880941,https://facebook.com/564578751880941,564514288554054,"Jen Smith I did this as well and actually picked babe up and put back down! I did this at 4 months and it was rough, but at 6 months it worked much better! 🙏🏼","06/22/2022, 02:04:14"
564612621877554,https://facebook.com/564612621877554,564514288554054,Jen Smith can you tell me more on how you did it please?,"06/22/2022, 04:04:14"
564754228530060,https://facebook.com/564754228530060,564514288554054,"Bel Gonzalez-Goldsh
olle yeah it definitely depends on the baby. Nothing worked on my now 3.5 yo. My almost 5 mo was fighting every nap and bed time so I decided to try and it worked thankfully.","06/22/2022, 09:04:14"
564759968529486,https://facebook.com/564759968529486,564514288554054,"Diana Alexanderson the first 2 nights we did 5 min check ins. This took about an hour each night. I first tried calming him without picking him up. If that didn’t work I’d pick him up until he was calm but not asleep (3-5 mins) Every time I lay him down I tell him “it’s time to sleep. I love you” Also when I get him ready for bed, even nap, I say sleep a lot. “Are you sleepy” “It’s time to sleep”I’m hoping word association helps. Starting the 3rd night and every night after I did 10 min check ins. This took about a week and the time it took him to fall asleep got shorter each day.

He still wakes up every 3 hours to eat 😩

He’s my 4th and each one was different. Stay consistent and stick to a routine. I hope this helps you! I know how frustrating this can get ❤️","06/22/2022, 09:04:14"
564506301888186,https://facebook.com/564506301888186,564457365226413,Your not alone. My daughter is about to turn 1 and sleeps in my bed most nights still. She was doing great sleeping in her crib till she turned 7 months and since she has slept in my bed.,"06/22/2022, 00:04:07"
564462761892540,https://facebook.com/564462761892540,564457365226413,"I do what I call the ""yell it out"" method 😂 because my girl yells in protest of bedtime not cries so I let her yell for about 5ish mins (she's 6mo) then I'll go in re-rock her and soothe her then back in bed. Then it's closer to 10 and we keep going till she gives up the fight lol haven't had to go in more than 3 times. But she's never got tears it's always just yelling 😂","06/21/2022, 22:04:07"
564494831889333,https://facebook.com/564494831889333,564462761892540,Jessica Stoye my girl was the same but sleeps perfectly now,"06/21/2022, 23:04:15"
564529861885830,https://facebook.com/564529861885830,564462761892540,Mel Murphy mines always been a great sleeper just sometimes like to fight going down but once she's down she's down lol,"06/22/2022, 01:04:15"
564580338547449,https://facebook.com/564580338547449,564462761892540,Jessica Stoye my girl does the same but will start to cry after a few minutes- will you let her cry or do you go in??,"06/22/2022, 02:04:15"
564587431880073,https://facebook.com/564587431880073,564462761892540,Lexi Ziller if she starts to cry I usually go in. Pick her up and I'll rock and hum to her till she's calm again then I'll lay her back down. But my girl will yell usually for 10/20 mins before she cries lol,"06/22/2022, 03:04:15"
564587795213370,https://facebook.com/564587795213370,564462761892540,"Thank you! She’s been getting better but I wanted to see if letting her tell it out without crying it out would work!
Thank you so much!","06/22/2022, 03:04:15"
564789281859888,https://facebook.com/564789281859888,564462761892540,"Lexi Ziller no problem! Yeah she now usually has 1 or 2 small yells and then is asleep😂 she puts her pacifier back in herself, and will even rock herself while trying to fall asleep😂 so worked here for us!","06/22/2022, 10:04:15"
564467411892075,https://facebook.com/564467411892075,564457365226413,I hired a sleep consultant (baby bliss consulting in Omaha NE) and my twins were trained in about a week (from waking every 2-3 hours after being nursed to sleep). Zero cry it out. It was amazing and now they're officially sleeping through the night 😍,"06/21/2022, 22:04:07"
564535895218560,https://facebook.com/564535895218560,564467411892075,Amanda Ament how old were your twins when you used Kelly?,"06/22/2022, 01:04:16"
564552035216946,https://facebook.com/564552035216946,564467411892075,Amanda Ament what method does she use?,"06/22/2022, 01:04:16"
564690155203134,https://facebook.com/564690155203134,564467411892075,Alexis Colón a really rough age 4 months. They already had bad habits and we're going through their first regression and still it worked!,"06/22/2022, 06:04:16"
564691235203026,https://facebook.com/564691235203026,564467411892075,"Diana Alexanderson what I liked most, she's not a one size fits all. She uses 3-4 methods, and you start with the one you want and see if it works and go from there. We used crib side soothing straight out of the gate because I cannot do cry it out. It was genuinely the best money I ever spent and I will be using her for any other regressions, help, potty training and baby sign too. She's simply magic.","06/22/2022, 07:04:16"
564553558550127,https://facebook.com/564553558550127,564457365226413,I was consistent about putting him in his bed I would let him fall asleep in our bed and then move him every time He still winds up in our bed a lot but since he was 1 and a half he has slept pretty much the whole night through and now at 3 he’ll read books and fall asleep in our bed and then we move him and he stays asleep in his bed all night,"06/22/2022, 01:04:07"
564553981883418,https://facebook.com/564553981883418,564553558550127,I should note it was very hard and most of the time I did not sleep well as a result of this method but I stuck it out the only thing that really got things in momentum was when I stopped breast feeding! That reaaaally helped us get him to stay asleep,"06/22/2022, 01:04:16"
564550061883810,https://facebook.com/564550061883810,564457365226413,I follow secrets of the baby whisperer (the book) methods. Very little crying is involved.,"06/22/2022, 01:04:07"
564463745225775,https://facebook.com/564463745225775,564457365226413,I used “fading”. Didnt even know I was doing a ST method 😂😂. Involved 0 CIO.,"06/21/2022, 22:04:07"
564493881889428,https://facebook.com/564493881889428,564463745225775,Casey Kreinin what is this?,"06/21/2022, 23:04:17"
564495068555976,https://facebook.com/564495068555976,564463745225775,"Kira Lewis So I always would rock my baby to sleep for all naps and bed. I slowly cut down little by little. She would then be drowsy but awake and once she got used to that I would rock her less and less until she was in the crib wide awake. If she cried, I would get her and rock her and try again the next nap or bed time! So basically, the amount of help I gave her slowly “faded” until I was putting her into her crib wide awake! It was really painless for me and shes been going down wide awake for almost 3 months now with no issues!","06/21/2022, 23:04:17"
564509245221225,https://facebook.com/564509245221225,564463745225775,Casey Kreinin I kinda did this too! He kinda sleep trained himself lol. I just started putting him in his crib sleepy and he would fuss for about 2-3 minutes and I would rock him back. One day my husband just put him in sleepy and he started crying so I went to get him. My husband stopped me and said let him try. Sure enough he knocked out in like 3 minutes. Now all we do is put him down and he puts himself to sleep. Zero rocking.,"06/22/2022, 00:04:17"
564514861887330,https://facebook.com/564514861887330,564463745225775,Donna Busken my son was doing this until he turned 5 months!! He was sleeping from about 10.30 to 7 to 8 am one stretch with no wakings! All of a sudden he is now waking in between at around 3 or 3.30 every night and takes a feed! He has been tremendously focussed on sitting up and has achieved comin up on all 4s today! Not sure if that is the reason or he needs more ozs! He is fully on bf they the day and gets a bottle in the night!!,"06/22/2022, 00:04:17"
564557491883067,https://facebook.com/564557491883067,564463745225775,Karpagam Chandrasekaran Mine will do this too sometimes. Usually if he falls asleep around 8:30 or 9 he will get up around 3 for a quick bottle. I’ll make one and take it to him in his nursery and rock him while I feed him. He’s usually out before he finishes it all. I’ll just lay him back down and he’s out until about 8am. If he falls asleep at 10pm he won’t wake up for a bottle at all and sleeps through the night.,"06/22/2022, 02:04:17"
564500851888731,https://facebook.com/564500851888731,564457365226413,I hand her off to my husband when I can't handle her crying anymore and he let's me sleep for 2hrs if he can't or her down either if you can maybe get a sitter you trust to let then watch her while you're home so you can nap,"06/21/2022, 23:04:07"
564819685190181,https://facebook.com/564819685190181,564457365226413,Curious about this with babies who are EBF! My son still wakes twice a night to nurse! Wanting to wean him off of those!,"06/22/2022, 11:04:07"
564959338509549,https://facebook.com/564959338509549,564457365226413,What CIO means? I’m expecting and my first baby. Totally new to all this,"06/22/2022, 15:04:07"
564964791842337,https://facebook.com/564964791842337,564959338509549,Angie Torres CIO means cry it out.,"06/22/2022, 15:04:18"
564467938558689,https://facebook.com/564467938558689,564457365226413,Look into the sleep lady shuffle! Life changing! There is a book on Amazon on it.,"06/21/2022, 22:04:07"
564836378521845,https://facebook.com/564836378521845,564457365226413,Me too in the same boat,"06/22/2022, 11:04:07"
564684525203697,https://facebook.com/564684525203697,564457365226413,"Yea, Look into:

Le Pause: https://
www.romper.com/
p/
i-tried-le-pause
-with-my-newbor
n-it-was-a-game
-changer-996129
0

Crib hour: https://
slumberandbloom.
com/
crib-hour-explai
ned-what-is-cri
b-hour-and-when
-should-you-use
-it-to-help-you
r-baby-sleep/","06/22/2022, 06:04:07"
564461468559336,https://facebook.com/564461468559336,564457365226413,We did taking care of babies. Not cry it out. Look it up,"06/21/2022, 22:04:07"
564461808559302,https://facebook.com/564461808559302,564461468559336,“taking Cara Babies”,"06/21/2022, 22:04:19"
564516421887174,https://facebook.com/564516421887174,564461468559336,Josie Mueller did the baby cry ?,"06/22/2022, 00:04:19"
564554458550037,https://facebook.com/564554458550037,564461468559336,Josie Mueller how? I read the whole guide and it’s basically Ferber 🤷‍♀️,"06/22/2022, 01:04:19"
564703858535097,https://facebook.com/564703858535097,564461468559336,Perhaps our baby took well to it but compared to cold hard cry it out (which we tried 1 night) the crying was incredibly minimal. Every baby is so different though! It may not work for some. I liked that I could pick him up if I tried other interventions and he was still crying. Sure it took longer for him to learn than Ferber or CIO but it was worth it to me 🙂,"06/22/2022, 07:04:19"
564600055212144,https://facebook.com/564600055212144,564457365226413,I lay in bed with my son and he just rolls around and cuddles the. goes to sleep than we put him in his cot.,"06/22/2022, 03:04:07"
564600271878789,https://facebook.com/564600271878789,564600055212144,He’s breast fed but this is how I stopped feeding to sleep. It took a while to begin sometimes up to 40 minutes,"06/22/2022, 03:04:19"
564825531856263,https://facebook.com/564825531856263,564457365226413,"Following, having so much trouble with my 11 month old.","06/22/2022, 11:04:07"
564485481890268,https://facebook.com/564485481890268,564457365226413,Yes! I can send you the link to the best ever sleep seminar. Pm me!,"06/21/2022, 23:04:07"
564487061890110,https://facebook.com/564487061890110,564485481890268,Lara McKee may I pm you as well,"06/21/2022, 23:04:21"
564505388554944,https://facebook.com/564505388554944,564485481890268,could i please have the link too,"06/22/2022, 00:04:21"
564515981887218,https://facebook.com/564515981887218,564485481890268,Lara McKee may i have the link as well pls,"06/22/2022, 00:04:21"
564516841887132,https://facebook.com/564516841887132,564485481890268,Edina Papp yes!,"06/22/2022, 00:04:21"
564516941887122,https://facebook.com/564516941887122,564485481890268,Tamika Wilcox of course! I'll message!,"06/22/2022, 00:04:21"
564516995220450,https://facebook.com/564516995220450,564485481890268,Tara Elizabeth yes of course. I'll message!,"06/22/2022, 00:04:21"
564517448553738,https://facebook.com/564517448553738,564485481890268,Lara McKee please send me the link also,"06/22/2022, 00:04:21"
564517725220377,https://facebook.com/564517725220377,564485481890268,Rahab Kairu ok!,"06/22/2022, 00:04:21"
564518551886961,https://facebook.com/564518551886961,564485481890268,Lara McKee would you please send me the link for this,"06/22/2022, 00:04:21"
564518928553590,https://facebook.com/564518928553590,564485481890268,Monica Mills yes!,"06/22/2022, 00:04:21"
564519075220242,https://facebook.com/564519075220242,564485481890268,Lara McKee Thank you!,"06/22/2022, 00:04:21"
564675708537912,https://facebook.com/564675708537912,564485481890268,"Lara McKee and for me too, please!","06/22/2022, 06:04:21"
564562325215917,https://facebook.com/564562325215917,564457365226413,"Hi mumma,

Sleep coach here from The Sleepy Little Bubs

Yes you do have other methods other than cry based techniques (CIO / Ferber).

How old is your little one?","06/22/2022, 02:04:07"
564562591882557,https://facebook.com/564562591882557,564562325215917,Eva Beke 5 months.,"06/22/2022, 02:04:22"
564492911889525,https://facebook.com/564492911889525,564457365226413,We're doing Taking Cara Babies and I love it so far!! No crying at all. Gentle and evidence based.,"06/21/2022, 23:04:07"
564518708553612,https://facebook.com/564518708553612,564492911889525,Erin Wolfe what does it involve ?,"06/22/2022, 00:04:23"
564554938549989,https://facebook.com/564554938549989,564492911889525,Erin Wolfe how? I read the whole thing and it’s basically Ferber 🤷‍♀️,"06/22/2022, 01:04:23"
564655515206598,https://facebook.com/564655515206598,564492911889525,Diana Alexanderson agree. It’s def CIO based.,"06/22/2022, 05:04:23"
564723495199800,https://facebook.com/564723495199800,564457365226413,"We never did any sleep training or cio but when my baby is tired she falls right to sleep pretty much instantly. We give her a Paci and put her on her belly and she falls asleep. If not I rub her back and rock her butt and she falls asleep. She will fidget around or roll over but after a while she'll go to sleep. She only wakes up once for a bottle and wakes up at 7. She's 5.5 months adjusted. She won't sleep if she has gas, has to poop or spit up but after she does she goes to sleep","06/22/2022, 08:04:07"
564487015223448,https://facebook.com/564487015223448,564457365226413,"I think all sleep training involves crying. That’s how babies communicate and any change they normally cry..
i was extremely against CIO methods or sleep training up until last week when we started with my girl. She’s now been sleeping through the night since day 2 of sleep training (she is 9 months today). It’s not easy but it is so so worth it. Not only for you but for her too ❤️","06/21/2022, 23:04:07"
564487941890022,https://facebook.com/564487941890022,564487015223448,Nynah Lee Wright what training did you do or did you do the CIO method?,"06/21/2022, 23:04:24"
564491288556354,https://facebook.com/564491288556354,564487015223448,"Kristin Niebuhr I know it’s different for each baby but my girl was waking up to 10 times a night and sometimes not even sleeping unless held. We started working with a sleep Dr. And decided to do the extinction method since it’s the fastest to work. We were going to do the Ferber ish method but honestly the more nights that are involved/
prolonged sleep training methods the more crying in the long run. So instead, doing extinction she cried for 10 minutes two times the first night and the second night about 6 minutes when we put her down initially then slept through the night. She still fusses/cries for a couple (literally between 2-5 mins) minutes when we put her down but we are on day 5 and she sleeps all night.
It breaks any mom heart to hear your baby cry but as long as they are safe, full, changed and in a comfortable room that is just their way of communicating change… im telling you, I have PPA and it’s only set off when I hear her cry but after seeing her sleep so good and wake up so happy I know it’s what’s best for her.
Your baby will thank you.","06/21/2022, 23:04:24"
564492001889616,https://facebook.com/564492001889616,564487015223448,Kristin Niebuhr I know people say extinction is mean/cruel to do to them but like I said… it involves less crying in the long run. And if something was really wrong you can always go in. We keep the monitor on at all times to make sure she is always safe and sleeping good.,"06/21/2022, 23:04:24"
564772331861583,https://facebook.com/564772331861583,564487015223448,"Nynah Lee Wright I’ve done extinction CIO for all 3 of my kids (after trying other methods with the my eldest), and it’s been the best decision.","06/22/2022, 09:04:24"
564772935194856,https://facebook.com/564772935194856,564487015223448,Lisa Vlieg I’m so glad you understand this! I think it’s almost easier on them then prolonging it and involving more crying when other methods are used!!,"06/22/2022, 09:04:24"
564707238534759,https://facebook.com/564707238534759,564457365226413,"https://
www.google.com/
amp/s/
www.todaysparent
.com/baby/
baby-sleep/
2-month-old-slee
p-training/amp/
?fbclid=IwAR2EhH
5XUzSGGGBxRttWl
tEYifH6IwNeErEq
mtiUFg68nvYpmpA
VdFs3ajM&fs=e&s
=cl","06/22/2022, 07:04:08"
564717115200438,https://facebook.com/564717115200438,564707238534759,Elizabeth Lucas thank you!!,"06/22/2022, 07:04:25"
564720478533435,https://facebook.com/564720478533435,564707238534759,Elizabeth Lucas did you try this one out?,"06/22/2022, 08:04:25"
564725831866233,https://facebook.com/564725831866233,564707238534759,"Diana Alexanderson I’m about to start, my friend recommended it very highly as did her sister. Took her 3 days took her sister a week.
I just really like the idea of not having to let them cry.","06/22/2022, 08:04:25"
564738071865009,https://facebook.com/564738071865009,564707238534759,Elizabeth Lucas good luck momma!! Let’s keep each other posted. Would you do naps and night time all at once?,"06/22/2022, 08:04:25"
564738771864939,https://facebook.com/564738771864939,564707238534759,Diana Alexanderson,"06/22/2022, 08:04:25"
564739098531573,https://facebook.com/564739098531573,564707238534759,Diana Alexanderson haha thanks I’ll let you know how I go,"06/22/2022, 08:04:25"
564740658531417,https://facebook.com/564740658531417,564707238534759,Diana Alexanderson yer I feel like consistency is key with them. But they did say day naps were harder 🤦‍♀️ lol but at the moment he has me walking around the house carrying him and patting him lol or feeding to sleep. Which is t ideal.,"06/22/2022, 08:04:25"
564745295197620,https://facebook.com/564745295197620,564707238534759,Elizabeth Lucas same! 😢 I feel you,"06/22/2022, 08:04:25"
564750678530415,https://facebook.com/564750678530415,564707238534759,"Elizabeth Lucas just DM you 🙂
Figured we can support each other while we try it all 😆","06/22/2022, 09:04:25"
564496738555809,https://facebook.com/564496738555809,564457365226413,I rock my 5 mo old with a bottle to sleep then put her in the bassinet next to me. Some nights she sleeps all night some times she fusses and wants to sleep with mama so she does lol baby steps!,"06/21/2022, 23:04:08"
564861678519315,https://facebook.com/564861678519315,564457365226413,Pick up/put down method. This method has less crying with it.,"06/22/2022, 12:04:08"
564949191843897,https://facebook.com/564949191843897,564457365226413,Follow,"06/22/2022, 15:04:08"
564818518523631,https://facebook.com/564818518523631,564457365226413,Following!,"06/22/2022, 11:04:08"
564797138525769,https://facebook.com/564797138525769,564457365226413,"Taking Cara Babies all the way!
My daughter was sleeping 2 hours max at a time at 6 weeks old.
By 10 weeks old she was waking up 1 time through the night with her finally going to sleep before 10 and 11.
She is almost 6 months old and she goes to sleep between 7:30 and 8pm and wakes at 7am.
She sometimes wakes up one time through the night. But sometimes she is out like a light.
Consistency is key. Get a routine down, and stick with it. A sound machine is life changing too.
Now I turn the fan and sound machine on, light off,lay my baby down and she is asleep within 5 minutes.
I never had to do the CIO method. And I don’t have to give her a bottle for her to sleep. Every baby is different though! I consider myself very lucky. This is just what worked for us! You’ve got this! It does get better, and you will sleep again I promise!","06/22/2022, 10:04:08"
564586858546797,https://facebook.com/564586858546797,564457365226413,Following,"06/22/2022, 03:04:08"
564525968552886,https://facebook.com/564525968552886,564457365226413,Taking Cara Babies,"06/22/2022, 00:04:08"
564525145219635,https://facebook.com/564525145219635,564457365226413,"Hi there! Pediatric sleep coach here and our infant course teaches an alternative to cry it out or gradual checks where most of our families are seeing success in 3 days. We created a free webinar to give families a bit more info!

https://
www.restedmamaha
ppybaby.com/
registration-pag
e","06/22/2022, 00:04:08"
564471395225010,https://facebook.com/564471395225010,564457365226413,Tim Stewart,"06/21/2022, 22:04:08"
564463858559097,https://facebook.com/564463858559097,564457365226413,Jen Peacock is the best,"06/21/2022, 22:04:08"
