﻿id,url,reply_to,text,time
564405658564917,https://m.facebook.com/groups/babysleeptrainingtips/permalink/564405658564917/,,"Ok I’ve been reluctant to post because I was waiting to talk to the pediatrician but it was rescheduled two more weeks out so here I am. First time mom here although I raised my sister through my teens. My LO is 8 1/2 weeks old and I guess you could say is sleeping through the night. She sleeps from 6pm-12am, feed and change, then from 12:45am-7am. Which doc said was fine but not to go over 6 hours at her 4 week appointment. The other day she had a bit longer day than usual and I haven’t been setting an alarm to feed because she’s great at letting me know. Well she slept through the night and because I was exhausted so did I. I’m talking 8 1/2 hours! I woke up panicked but she was just fine and woke up about 15 minutes later and drank a whole 6 ounces. I thought it was a fluke but she keeps trying to do it again. I set an alarm at 6 hours so she can eat but she has very little interest in it. This hasn’t changed her behavior or eating patterns throughout the day except she eats more during her first morning feed. I guess what I want to know is, is it ok for her to sleep that long at her age?

Her weight never dropped below birth weight and she has been steadily adding on the pounds. At her 4 week appointment she was 8 lbs 15 ounces and today she is 11 lbs 2 ounces.

Picture of my LO so we don’t get lost. 😁","06/21/2022, 19:20:31"
564522358553247,https://facebook.com/564522358553247,564405658564917,Thank you everyone! You’ve all put my mind at ease. I do feel lucky she has created such a good schedule on her own!,"06/22/2022, 00:03:53"
564745605197589,https://facebook.com/564745605197589,564522358553247,"Stephanie Ann Fleming you're doing amazing, she is beautiful ❤️","06/22/2022, 09:04:00"
564789265193223,https://facebook.com/564789265193223,564522358553247,Hannah Parsons thank you!! 💛,"06/22/2022, 10:04:00"
564486865223463,https://facebook.com/564486865223463,564405658564917,It doesn't sound like she's being hindered in any way. She is gaining and she is giving you the signals when she is hungry and when she's not. I wouldn't worry. There is a strong urge to do things by the book with babies but we have to know when to deviate too.,"06/21/2022, 23:03:53"
564762331862583,https://facebook.com/564762331862583,564486865223463,Derricka Smith perfectly said!,"06/22/2022, 09:04:01"
564482985223851,https://facebook.com/564482985223851,564405658564917,"That’s awesome mama. Let babe sleep, enjoy that rest! My second one is 4 months now and he started sleeping through the night at 3 months then I moved him to his own room. He would wake up at around 3 am but he would use his fingers to put himself back to sleep. You’re doing an awesome job mama!","06/21/2022, 23:03:53"
564467615225388,https://facebook.com/564467615225388,564405658564917,"My first daughter slept 8 hours straight at 7 weeks and only increased from there. After that, I let her be lol.

She’s 5 now and is still a wonderful sleeper. Never fights bedtime, doesn’t wake up and come to my room in the middle of the night, sleeps to 8am on weekends etc.","06/21/2022, 22:03:53"
564498828555600,https://facebook.com/564498828555600,564405658564917,Precious! She will wake up when she needs you and is hungry. Consider yourself blessed! And get some sleep! 🥰,"06/21/2022, 23:03:53"
564728575199292,https://facebook.com/564728575199292,564498828555600,Madeline Horton absolutely! This is pretty much what I came to say!!😊,"06/22/2022, 08:04:02"
564482758557207,https://facebook.com/564482758557207,564405658564917,"I think this sounds like you are extremely lucky! If her weight is good, she is good! Let the baby sleep and enjoy!","06/21/2022, 23:03:53"
564623481876468,https://facebook.com/564623481876468,564405658564917,"My wee girl has been sleeping about 7 hours uninterrupted from the day she was born, she's now almost 4 months, gaining weight and growing perfectly and still sleeping through. My health visitor has said she's clearly getting enough to do her through out the day to do hrler at night. Xx","06/22/2022, 04:03:53"
564472465224903,https://facebook.com/564472465224903,564405658564917,This happened to me. If she is back and birth weight and gaining steadily our pedi said let her sleep ( and you too). She will let you know when she’s hungry. Enjoy the rest momma. ❤️,"06/21/2022, 22:03:53"
564924061846410,https://facebook.com/564924061846410,564405658564917,I read that they can sleep as many hours in a row as however many weeks they are. So 8 weeks should be totally fine for 8 hrs! And over 8 weeks I’ve heard a few people say their babies were sleeping through the night. So good for you that’s awesome! 😄 and she’s beautiful!,"06/22/2022, 14:03:53"
564680378537445,https://facebook.com/564680378537445,564405658564917,"My girl is 3 months now and has been sleeping for 10-11 hours every night without waking up she’s been doing it since she was about 2 months old, doc told me it’s fine and not to wake her up since she was eating enough during the day when she does wake up in the morning around 6-7 she eats and goes right back to sleep. But she goes to an i home daycare and I think the kids there keep her up all day so by the time she gets home that girl is out after her last bottle😁","06/22/2022, 06:03:53"
564486995223450,https://facebook.com/564486995223450,564405658564917,"After having three kids, two of which do not sleep well at all (oldest is five and still doesn’t sleep through the nights s baby is up every two to three hours…she’s almost one ), let the babe sleep! If she starts falling on the growth chart then you can reevaluate. For now, love every second and take advantage!","06/21/2022, 23:03:53"
564552878550195,https://facebook.com/564552878550195,564405658564917,We had the same! If I'd try to wake our little baby girl she wouldn't drink much anyways so I let her sleep! She was totally fine with her weight and just had one extra feeding in the evening as she was gettin ready for the night ❤️,"06/22/2022, 01:03:53"
564539595218190,https://facebook.com/564539595218190,564405658564917,Enjoy the sleep. My little guy did this off and on and he’s very healthy! Although I WISH he was still sleeping that good. He’s 9 months old now.,"06/22/2022, 01:03:53"
564467271892089,https://facebook.com/564467271892089,564405658564917,"I would def confirm with your doctor, but at my son's 2 month appt was let him sleep! So I did though I'd still wake up panicking lol

She is a cutie! Love her little head of hair! 🥰🥰","06/21/2022, 22:03:53"
564466515225498,https://facebook.com/564466515225498,564405658564917,Oh my god enjoy that schedule and fed through her sleep once,"06/21/2022, 22:03:53"
564721755199974,https://facebook.com/564721755199974,564405658564917,My 4 month old has been sleeping through the night sense week 2 and she’s never had a problem gaining. Her pediatrician said it was fine to let her sleep cuz she eats more throughout the day and is still gaining weight. She was born 8lbs and 2 oz and just turned 4 months and is 14lbs and 14oz a few weeks ago. And she’s breastfeeding and I feed on demand if that helps. She sometimes wakes one or two times at night occasionally to snack but that’s not very often.￼,"06/22/2022, 08:03:53"
564473465224803,https://facebook.com/564473465224803,564405658564917,My daughter slept through the night since 5 weeks. She gained weight just fine. If she is gaining- I would say it’s fine but this was just our experience and I’m not a pediatrician just a FTM! Trust your gut mama!,"06/21/2022, 22:03:53"
564473018558181,https://facebook.com/564473018558181,564405658564917,"We had this same “problem”. Our Pediatrician told me as a rule of thumb in the newborn/early stage, the number of weeks old is the number of hours the baby can go without a feed (for example, 8 weeks can go 8 hours without a feed). And of course, as long as the baby is gaining weight, as others have stated. So I say, enjoy your sleep, mama!","06/22/2022, 00:03:53"
564668725205277,https://facebook.com/564668725205277,564405658564917,My middle bub was sleeping all ngt long by 7 weeks was a blessing be so lucky that she is she'll be fine ♥️,"06/22/2022, 06:03:53"
564463948559088,https://facebook.com/564463948559088,564405658564917,"So I think this is okay. I’m not a dr, but she seems to be a good weight, and you are lucky she sleeps that long!","06/21/2022, 22:03:53"
564466185225531,https://facebook.com/564466185225531,564463948559088,"Also, if she’s hungry she will let you know! 🙂","06/21/2022, 22:04:03"
564849871853829,https://facebook.com/564849871853829,564405658564917,"Hi girly. All opinions will be different on this. But some babies do just sleep through the night from super young! If you feel more comfortable waking her every 6 hours then do that, but if she’s fine then don’t stress! Also she will likely want more milk if she’s sleeping more so that makes sense. You can check if she’s dehydrated (the frontal will be dipped if she is, so offer milk in those times as well). But other than that I would say all is okay. BUT I’m not a doctor so if you would feel better with a professional advising you then still go to your appointment.","06/22/2022, 11:03:53"
564485151890301,https://facebook.com/564485151890301,564405658564917,my doc told me she could go 8 hours if sleep at her 2 month appointment. I would assume that as long as she is acting normal it's totally fine. enjoy the sleep!,"06/21/2022, 23:03:53"
564466401892176,https://facebook.com/564466401892176,564405658564917,Definitely ask your pediatrician. The advice I got from mine when my daughter was the same age was that you don't want to go over 3 hrs without feeding at that young of an age because their blood sugars can drop. But I think every baby is different and your doctor's recommendation is best. I also think you should be able to call your doctor's office before the appointment and see if a nurse/ assistant can give you advice on what to do over the phone.,"06/21/2022, 22:03:53"
564481558557327,https://facebook.com/564481558557327,564405658564917,"My son was sleeping through the night at 3 weeks old. As long as he wasn’t losing weight, his pediatrician wasn’t worried. Sometimes drs don’t know best. If it’s working, just go with the flow. My son would wake up when he was hungry 🤷🏽‍♀️.","06/21/2022, 23:03:53"
564477245224425,https://facebook.com/564477245224425,564405658564917,I’m a ftm and my LO has been sleeping through the night since 8 weeks he’s now 4 months and a week old! My pediatrician said that was completely fine and he had issues gain his weight back after he was born but now he’s perfectly fine with his weight! You should enjoy the sleep if she’s hungry during the night she will wake you but she knows if she’s hungry or not!,"06/21/2022, 23:03:53"
564642851874531,https://facebook.com/564642851874531,564405658564917,My boy started sleeping through the night at 2 weeks old. And I’m talking about 10 hours! My doctor and health visitor said as long as he’s drank enough during the day then not to wake him up. Babies will tell you when they’re hungry themselves x,"06/22/2022, 05:03:53"
564477745224375,https://facebook.com/564477745224375,564405658564917,"My first born slept through the night 7pm - 8am at 3 months and the doctors also recommended I wake him. I did not listen and let him sleep. He was in the 90th percentile until he turned 3 and has always been a great sleeper. Second time around I caved and woke my son to feed per doctors orders. He’s 4 months now, not a great sleeper and i find myself having to write down how much he eats all day because he only takes 2 oz every 3 hours during the day. My point: if she’s gaining weight and everyone’s sleeping I say let her sleep!! If she’s eating enough throughout the day then you’re fine!!!","06/21/2022, 23:03:53"
564510958554387,https://facebook.com/564510958554387,564405658564917,I would let baby sleep and get some sleep when she’s hungry she will let you know! My kids were like this and I never woke them to feed only my now 9 month old because she was so tiny I had to wake her to feed for about two months she’s still small but she takes after me she’s perfectly healthy! As long as baby is happy and growing I wouldn’t wake to feed!,"06/22/2022, 00:03:53"
564872655184884,https://facebook.com/564872655184884,564405658564917,"First of all that’s amazing ! Enjoy it honestly lol. Our daughter didn’t sleep through the night without a feed consistently until 4.5 months. So basically they know when they’re hungry. Our pediatrician said as long as they are back to or past their birth weight and consistently gaining over the first few weeks then no need to wake them, they will wake from hunger on their own . It sounds like she is doing fine in the weight department 🙂. You should double check with them to be safe- just give them a call if you’re worried instead of waiting for the appt. If you don’t mind me asking is your LO BF or Formula?","06/22/2022, 12:03:53"
564466305225519,https://facebook.com/564466305225519,564405658564917,"It's a bit early for through the night, but if she's gaining weight and meeting milestones I don't see the problem. Call your pediatrician office and have them get a question to your doctor. :)","06/21/2022, 22:03:53"
564803368525146,https://facebook.com/564803368525146,564405658564917,I took my little girl in and she is on 9 pounds this past week. They told me I can let her sleep through the night now so I would say you are doing great.,"06/22/2022, 10:03:54"
564484951890321,https://facebook.com/564484951890321,564405658564917,My little man dropped some weight (went from 10 pounds at birth to 8# 15 oz within 3 days and back up to 9.5 on the 4th day once my milk came in good. Once he was back over his birth weight my pediatrician said to let him sleep as long as he wants to at night. He has been sleeping 8+ hours since 2weeks old just about,"06/21/2022, 23:03:54"
564726745199475,https://facebook.com/564726745199475,564405658564917,Personally I would listen to the baba. She would let you know if she is hungry and it means you get the extra sleep and also so does she! Well done mama and baba! Hope my little one is like that at her age hehe xxx,"06/22/2022, 08:03:54"
564976255174524,https://facebook.com/564976255174524,564405658564917,"I would let her sleep and she can wake you when she’s hungry, with my first I set alarms and woke him up every 2 hours which was a pain but as a young first time mum that’s what I was told to do so I did it until someone told me to stop and sure enough as soon as I did he slept threw 😂 so now with my second I did the same and just let her wake me and when she was ready she stopped waking for a bottle. You may just find she eats more in the day which again is fine xx","06/22/2022, 15:25:54"
564503968555086,https://facebook.com/564503968555086,564405658564917,Omg I got told to wake my girl for ages after 6 hours sleeping too- it didn’t do us any justice and in the end I let her lead with how long she wanted her naps to be and enjoy the extra sleep x,"06/22/2022, 00:03:54"
564511525220997,https://facebook.com/564511525220997,564405658564917,"So at 4 months my LO’s pediatrician said to start weaning night feedings and by 6mos he said, no more night feedings. My baby did that fine and he is really adamant that sleep is an actual nutrient that babies need too. My baby was older, but even when nurses said don’t let her go past 3 hrs b/n feedings she was trying to do 6-7. When I told LO’s pediatrician he was pleased she was letting me and my husband sleep. Long story short, I agree with so many of the other parents here that say that baby will let you know what they need.","06/22/2022, 00:03:54"
564681478537335,https://facebook.com/564681478537335,564405658564917,"Your baby will let you know. The best advice I got in the hospital—“watch
your baby NOT the clock.”When they are hungry, they WILL let you know. Get some rest momma, it’s easy to panic but try to get your rest while you can. We just hit 4month regression plus teething. It’s a doozy! And what i would give to have more than two hours of sleep…every day…😵‍💫","06/22/2022, 06:03:54"
564512065220943,https://facebook.com/564512065220943,564405658564917,As a mom of 4 I’ve learned that babies cannot over eat or sleep so as long as she’s still gaining weight let her sleep 🙂 2 of my kiddos have always slept thru the night even in the hospital and they were little chunks after awhile!,"06/22/2022, 00:03:54"
564974421841374,https://facebook.com/564974421841374,564405658564917,"How does she sleep that long?? I have a 10 week old baby
She only sleeps 2 hours at a time
Sometimes even 1 hour
The most shes gone and its only twice was 4 hours","06/22/2022, 15:20:54"
564473601891456,https://facebook.com/564473601891456,564405658564917,My LO just turned 9 weeks and weighs 13 pounds. We had her 2 month appt yesterday and her doctor said it’s great if she’s sleeping through the night! Which she’s done occasionally! As long as their a healthy weight there’s not a problem with it! He didn’t want us waking her to feed her if she didn’t want it because that just causes her to spit it back up and make her gassy! Not sure if that helps ease your mind at all since ours are close in age!,"06/21/2022, 22:03:54"
564470745225075,https://facebook.com/564470745225075,564405658564917,"My pediatrician said never wake a sleeping baby, get your rest amd let her guests much as she wants, sounds like your babys weight isnt a concern (from what I read)and my pediatrician said that as ling as they are gaining weight it's ok to let them sleep as much as they want. My girl is a sleepy girl she is 3 months old now, goes into bed to wind down at 8 usally goes to sleep at 9 and sleeps till like 4-5. I co sleep, idk if you are doing that but personally I think it helps my baby sleep better. But thats just me, any way she sleeps is fine as long and you and her are content!","06/21/2022, 22:03:54"
564464955225654,https://facebook.com/564464955225654,564405658564917,I have always said as long as baby is eating enough through the day and gaining weight let the baby sleep. Enjoy those long stretches when you can,"06/21/2022, 22:03:54"
564466018558881,https://facebook.com/564466018558881,564464955225654,"Brie Fowler yes my Dr actually told me if she sleeps through the night, she will more then make up for it during the day. So I think this little one will be just fine! 🙂","06/21/2022, 22:04:03"
564783495193800,https://facebook.com/564783495193800,564405658564917,"Let her sleep. She will wake up if hungry

I was doing the exact same thing and everyone told me to stop waking her up lol. Eventually one night I was super exhausted and just slept and it was totally fine","06/22/2022, 10:03:54"
564514311887385,https://facebook.com/564514311887385,564405658564917,"In general the only time you want to wake a baby to eat is if they’ve dropped below their birth weight, and/or are not putting on weight. If she never dropped below her birth weight and is steadily gaining, and there are no other concerns then let her sleep. Let her decide when she’s ready to wake up and eat.","06/22/2022, 00:03:54"
564966875175462,https://facebook.com/564966875175462,564405658564917,She is fine. Each week is how long they can go +1hr. 7 weeks 8hr sleep 8 weeks 9hrs sleep...if she is following her curve and happy u r doing great,"06/22/2022, 15:03:54"
564466915225458,https://facebook.com/564466915225458,564405658564917,Off topic: The rocker/ bouncer you have her in I believe has had 14 associated infant deaths related to it due to babies sleeping in them just an fyi!! I just threw mine away the other day.,"06/21/2022, 22:03:54"
564467608558722,https://facebook.com/564467608558722,564466915225458,Paige Smith throwing mine away at my mil now!! so scary,"06/21/2022, 22:04:05"
564470098558473,https://facebook.com/564470098558473,564466915225458,"https://
www.axios.com/
2022/06/14/
fisher-price-roc
ker-warning-inf
ant-deaths","06/21/2022, 22:04:05"
564479328557550,https://facebook.com/564479328557550,564466915225458,"Breonna Lloyd incase you missed it, it was related to using them for infants to sleep in and having. Them be unattended to my understanding -the article posted also listed others that were recalled for same reasons- so really you can still use them safely, it’s just that when babies are at an incline like that and fall asleep, their necks can roll forward making it very hard to breathe and think that is more the issue. But do what you think is best! I just hate throwing something perfectly good away lol I have one and it became a life saver for me to put my kids in for me to be able to have a shower or do the dishes or cook food! Not that they are needed as there are always alternatives…ju
st saying if it comes in handy for you/your mom to put babe in while awake, they do work good for that!","06/21/2022, 23:04:05"
564732785198871,https://facebook.com/564732785198871,564466915225458,"Sarah Longlade my son is over a year now so we have no use for it anyways. I don’t take any chances when it comes to my sons safety, so I felt the best option was to throw this away. I agree with what you’re saying since I did read the article, but I don’t trust the product at all After having so many deaths. Just my preference!","06/22/2022, 08:04:05"
564474058558077,https://facebook.com/564474058558077,564405658564917,"My LO will be seven weeks tomorrow. She gets up once a night on her own time, we change and feed her and she sleeps until morning. She is above weight and in perfect health. I'd say your LO is fine and doing great. ☺️","06/21/2022, 22:03:54"
564840731854743,https://facebook.com/564840731854743,564405658564917,This is incredible! Let her sleep! Sounds like she picked up great sleeping habits at a young age. Don’t try to mess with that!,"06/22/2022, 11:03:54"
564527471886069,https://facebook.com/564527471886069,564405658564917,"Just here to comment on the rocker. There was just a mini recall on them. Even if you are close while she is napping, with the angle it tilts her head, she can have trouble breathing and you will never know it.💔
Read into it please, we are older and don't use ours anymore, so I didn't read it fully.

I would ride her sleeping through the night! She is obviously getting enough during the day! Just like you and me, in order for us to sleep through the night.","06/22/2022, 00:03:54"
564495988555884,https://facebook.com/564495988555884,564405658564917,"Its okey mommy. Our babies know what they want, when and how. Most of the time we just follow their cues. As long as she is gaining weight. Bt the Dr will tell you what is right. For now just relax.","06/21/2022, 23:03:54"
564476588557824,https://facebook.com/564476588557824,564405658564917,My daughter started sleeping through the night 8pm-5am at 2 months old. Our pediatrician said as long as she’s fed adequately during the days it’s all good,"06/21/2022, 22:03:54"
564472948558188,https://facebook.com/564472948558188,564405658564917,My little one at 6 weeks is doing the 1 wake up a night at the moment. I got told to look at what they should be having for their age in a 24 hour period now rather than each feed. So for example my little girl should be taking 32oz she does this mainky throughout the day i feel i am continuously feeding her then at night in the 1 feed she only has around 4 oz so within the 24 hour period she is taking what she should on average x,"06/21/2022, 22:03:54"
564758101863006,https://facebook.com/564758101863006,564405658564917,Mama do not worry about that if baby girl is gaining and healthy ! I was blessed as well with great sleeping babies that would sleep from 10 / 11 pm - 7 am. ( excluding the newborn stage) With one feed in between . Now my two oldest babies sleep from 9 pm till 7 am. No wakes. I’m very strict with sleep schedules in my house after we reach the 5 month mark !,"06/22/2022, 09:03:54"
564475401891276,https://facebook.com/564475401891276,564405658564917,"my daughter is 6 weeks old, she got to where she would sleep through the night around 4ish weeks. she seems to do perfectly fine with it and i just feed her when she wakes up in the morning, or if she does happen to wake up at night i’ll feed her then. i think she’ll be okay, just feed her if/whenever she does wake up at night","06/21/2022, 22:03:54"
564471075225042,https://facebook.com/564471075225042,564405658564917,"As long as she continues gaining weight, let her sleep. That’s what my pediatrician told me.","06/21/2022, 22:03:54"
564546638550819,https://facebook.com/564546638550819,564405658564917,"My daughter was a very good sleeper in her first few weeks earthside and I would let her sleep through, I let her sleep when she wanted to, milk when she wanted and to be cuddled when she wanted… so much pressure about babies I believe they let us know.
She’s a big healthy 10 month old now 🙂 always go to the doctors if a smidge of doubt… I went to the doctors almost every second day in the first few months x you are doing great mama x","06/22/2022, 01:03:54"
564472068558276,https://facebook.com/564472068558276,564405658564917,My 8 month started sleeping through the night at 2 months old our pediatrician said to let him be that if he was hungry he would wake up. I can say we have been spoiled by his sleep schedule.,"06/21/2022, 22:03:54"
564479951890821,https://facebook.com/564479951890821,564405658564917,"Leave her alone and let her sleep. If she wakes on her own and is hungry feed her. But if she wants to sleep don’t wake her. She’s fine as long as she isn’t dropping weight. And is giving you healthy diapers.
My baby started sleeping through the night and when I asked the pediatrician he said “enjoy it and get some sleep mom” she is now 4.5m old and is a great sleeper in the 80th percentile.","06/21/2022, 23:03:54"
564483531890463,https://facebook.com/564483531890463,564405658564917,My son's pediatrician told us at 1 month that he could sleep through the night as long as he was gaining and eating the correct amount of ounces through the day. I would give him a little extra at the last feeding and in the first one of the day.,"06/21/2022, 23:03:54"
564473985224751,https://facebook.com/564473985224751,564405658564917,When my baby did that my pediatrician said it was ok to let her sleep. So we did. 😬,"06/21/2022, 22:03:54"
564493118556171,https://facebook.com/564493118556171,564405658564917,"If she’s gaining weight, let her sleep! Very lucky to have a baby that sleeps 🙂","06/21/2022, 23:03:55"
564469518558531,https://facebook.com/564469518558531,564405658564917,"Not a doctor but if bub is not having any health issues (weight, total bottle in 24hours, mood, pee count, poop), I'd let poor bubba sleep.","06/22/2022, 01:03:55"
564606508544832,https://facebook.com/564606508544832,564405658564917,Babies eat when they want to eat and will sleep when they want to sleep. It can’t be forced hun. If she wants to sleep and happy to eat when she wakes it’s perfectly normal. I would never wake my daughter if she was sleeping for her to have a bottle. I let her sleep and when she was hungry she would wake for a feed. Babies will always tell you in their own way what they want. Your doing good and dont worry x,"06/22/2022, 04:03:55"
564503975221752,https://facebook.com/564503975221752,564405658564917,150% okay to let that baby sleep! Enjoy it while it lasts because it could change. But as long as weight gain remains good then don’t worry about the alarm. I allowed my son to start waking me around this same age (he is now almost 2) and he has done great. Some nights he would wake me once and most nights he would sleep 7-7. Baby will make up for the feeding during the day which is what it sounds like she is doing with that first feed!,"06/22/2022, 00:03:55"
564883231850493,https://facebook.com/564883231850493,564405658564917,Completely normal mine was doing this and my doctor said be lucky she sleeps. She will let you know when she is hungry. Do not wake her up to eat unless it’s over 8-10 hours.,"06/22/2022, 13:03:55"
564814151857401,https://facebook.com/564814151857401,564405658564917,My son did that from birth and I just let him do it cause he wakes up once he's hungry and I figured if he's tired then he's tired. He's 3 months old now and still sleep through the night and is perfectly healthy 🥰,"06/22/2022, 11:03:55"
564815138523969,https://facebook.com/564815138523969,564814151857401,All babies are diffent,"06/22/2022, 11:04:06"
564815458523937,https://facebook.com/564815458523937,564814151857401,"Some babies really enjoy there sleep, which is great for us","06/22/2022, 11:04:06"
564467335225416,https://facebook.com/564467335225416,564405658564917,My doctor always said the baby will let you know if they are hungry! Let that baby sleep and you get sleep mama!,"06/21/2022, 22:03:55"
564483901890426,https://facebook.com/564483901890426,564405658564917,My first born slept thru the night starting at 8 weeks like 10-12 hr stretches. It only lasted a couple months than she would wake up once but at like 5 am. I never woke mine to feed when she was hungry she let me know. As long as baby is healthy let them sleep ☺️ remember to growing is exhausting so if she’s in a growth spurt she’s going to sleep more to,"06/21/2022, 23:03:55"
564477988557684,https://facebook.com/564477988557684,564405658564917,My baby slept through the night around this time I believe or went longer stretches without feeding! Use your judgement !! I never woke my baby to feed and he’s gaining weight like crazy ! 🙂,"06/21/2022, 23:03:55"
564466981892118,https://facebook.com/564466981892118,564405658564917,I think as long as she’s getting enough ounces in the day (and gaining weight of course) it’s ok if she’s feeding through night.,"06/21/2022, 22:03:55"
564826151856201,https://facebook.com/564826151856201,564405658564917,it should be fine . babies will let you know when they are hungry. my babe slept through the night . his feeding was at 8:30-9 pm and would wake up to eat at 7 or 8 am,"06/22/2022, 11:03:55"
564474831891333,https://facebook.com/564474831891333,564405658564917,Let her sleep.. she'll let you know when she wants something.. mum always said never wake a sleeping baby haha,"06/21/2022, 22:03:55"
564496765222473,https://facebook.com/564496765222473,564405658564917,"I think it's fine as long her weight is good try not to focus too much on what ur baby should b doing at this age and focus on how she is doing. She's eating, sleeping good, gaining weight, good amount of wet diapers and poop diapers things like that instead of numbers cuz u will go crazy if u focus on those numbers every baby is different. Good job mama keep up the good work","06/21/2022, 23:03:55"
564966265175523,https://facebook.com/564966265175523,564405658564917,My second LO has slept through since 8 weeks old- 7pm-7am and it’s never bothered her or affected her weight gain. She just makes up for it on the say feeding every 2-3 hours.,"06/22/2022, 15:03:55"
564492811889535,https://facebook.com/564492811889535,564405658564917,Let that little angel sleep it’s hard work coming into this world take from a momma with two bad sleepers this is blessing 🥰🥰,"06/21/2022, 23:03:55"
564480948557388,https://facebook.com/564480948557388,564405658564917,"I read that once babies hit 5 weeks (and don’t drop weight), they’re able to sleep the same number of hours throughout the night as the weeks they’re old. So a 6 week old should be able to go 6 hours without a feed, 7 weeks 7 hours, 8 weeks 8 hours, etc.!!","06/21/2022, 23:03:55"
564467401892076,https://facebook.com/564467401892076,564405658564917,My pediatrician good me not to wake my daughter when she was sleeping like this. 🥰,"06/21/2022, 22:03:55"
564489018556581,https://facebook.com/564489018556581,564405658564917,This is normal in french culture. Their babies sleep through the night by 2 months of age.,"06/21/2022, 23:03:55"
564474735224676,https://facebook.com/564474735224676,564405658564917,"I honestly think she is totally fine. If she keeps gaining weight I think there is no reason why she couldn’t sleep through the night. Just make sure to offer her enough calories during the day..
my baby is 13 weeks and has been sleeping through the night since 7 weeks and she was 3 weeks early. No judgement but I never set any timers. I feel like they are good at letting us know when they are hungry 😊

I wouldn’t recommend if your baby was underweight but her weight seems totally fine and going up.. so honestly. Why not? Get the rest you can! 4 month sleep regression will be there soon enough lol 🤣","06/21/2022, 22:03:55"
564523011886515,https://facebook.com/564523011886515,564405658564917,You are blessed. I’d say as long as she’s eating and gaining weight you are doing great,"06/22/2022, 00:03:55"
564470935225056,https://facebook.com/564470935225056,564405658564917,Sleep mama! She will tell you if she's hungry. I at first was waking my son up too to get the feeds in but I have now learned to let them sleep what they want. As long as she is gaining proper weight you're okay! I forgot my alarm once and this happened to me! She will tell you when she needs more food 😊 best of luck!,"06/21/2022, 22:03:55"
564466361892180,https://facebook.com/564466361892180,564405658564917,I’m not a doctor but I think it’s fine. My first started giving us 7 hours around 8 weeks old and since he was gaining weight we never had an issue or even heard it might be a problem. We’re still waiting on that stretch with my second (14 weeks 🤪). So enjoy it and get some sleep!,"06/21/2022, 22:03:55"
564502855221864,https://facebook.com/564502855221864,564405658564917,"I’ve always been told as long as they’re not dropping weight let baby sleep through the night, no need to wake. 2 of my kids slept 8 hours by 2 months","06/22/2022, 00:03:55"
564478788557604,https://facebook.com/564478788557604,564405658564917,"I was told that as long as baby is gaining weight well,they’re okay to sleep and let you know when they’re hungry and for how much. I EBF so my amounts and times could be different from what your per wants you to do.","06/21/2022, 23:03:55"
564471671891649,https://facebook.com/564471671891649,564405658564917,She might be growing I say let the baby sleep,"06/21/2022, 22:03:55"
564624705209679,https://facebook.com/564624705209679,564405658564917,My baby slept around 10-11 hours at night around her age and I would wake up once to feed her. I was also concerned and her pediatrician said at that age they shouldn’t go more than 8 hours without eating until they’re 6 months. 8 is like the max.,"06/22/2022, 04:03:55"
564904675181682,https://facebook.com/564904675181682,564405658564917,"Wouldn’t worry at all. If not fussing and still gaining weight, I would let her sleep! You are living the dream! ♥️","06/22/2022, 13:03:55"
564639721874844,https://facebook.com/564639721874844,564405658564917,Let her sleep. Lol. My lo is 4 months and still don’t sleep through the night. She’s ready for bed by 8 and wakes back up around 11:30 and then again around 2:30 then she’s up at 6:30.,"06/22/2022, 05:03:55"
564673335204816,https://facebook.com/564673335204816,564405658564917,"Count your lucky stars, girl! My first was like that but not my 2nd and my third is 6 months and still waking 2-3x.","06/22/2022, 06:03:55"
564504748555008,https://facebook.com/564504748555008,564405658564917,Let baby sleep. She seems to be gaining just fine and if she's hungry she will wake.,"06/22/2022, 00:03:56"
564589578546525,https://facebook.com/564589578546525,564405658564917,Don’t you worry about it at all. She will compensate for it in the next feed. Also she is gaining weight well. So nothing to worry,"06/22/2022, 03:03:57"
564475828557900,https://facebook.com/564475828557900,564405658564917,"absolutely gorgeous 🥰
let her be!!","06/21/2022, 22:03:57"
564524021886414,https://facebook.com/564524021886414,564405658564917,We let my little one start doing that at 2 months and his pediatrician said that’s fine They know when they’re hungry and let you know. As long as she’s still gaining weight it should be fine,"06/22/2022, 00:03:57"
564481781890638,https://facebook.com/564481781890638,564405658564917,She's gaining so.i would just let her sleep,"06/21/2022, 23:03:57"
564466135225536,https://facebook.com/564466135225536,564405658564917,"I have an 11 week old on Thursday, I’ve always been told to feed every 2-3 hours during the day (even if that means waking them) & let them wake you at night to eat, not to wake them.","06/21/2022, 22:03:57"
564481865223963,https://facebook.com/564481865223963,564405658564917,"My daughter started sleeping 6 to 8 hours when she was 6 weeks old. Her pediatrician said as long as she gains weight, eats enough during the day and has 6 to 8 diapers during the day then she was okay and to let her sleep. She's 5 almost 6 months now and she sleeps 10 to 12 hours without a feeding and is a healthy baby","06/21/2022, 23:03:57"
564653708540112,https://facebook.com/564653708540112,564405658564917,She seems to be eating well and putting in good weight so I wouldn’t worry at all x,"06/22/2022, 05:03:57"
564497391889077,https://facebook.com/564497391889077,564405658564917,As long as she’s gaining weight and is above her birth weight let her sleep.,"06/21/2022, 23:03:57"
564565341882282,https://facebook.com/564565341882282,564405658564917,Let her sleep.. I wish my six month old would sleep through the night 😭,"06/22/2022, 02:03:57"
564767125195437,https://facebook.com/564767125195437,564405658564917,"Every baby is different, my boy started sleeping thru at 8 weeks my doc never asked about sleep!","06/22/2022, 09:03:57"
564602888545194,https://facebook.com/564602888545194,564405658564917,Just came here to say your daughter is absolutely adorable and I think is the girl version of my son. They look like twins 🥰,"06/22/2022, 03:03:57"
564481325224017,https://facebook.com/564481325224017,564405658564917,Count your blessings!!! Let the babe sleep!,"06/21/2022, 23:03:57"
564477055224444,https://facebook.com/564477055224444,564405658564917,Never woke any of my babies up once back to birth weight. I think she's fine!,"06/21/2022, 23:03:57"
564484498557033,https://facebook.com/564484498557033,564405658564917,"As long as she is gaining weight steadily than she is okay, that's that's I was told. My baby has been sleeping from 6 to 3 since 1 1/2 months and she's a chubby little thing haha. If she drinks more ounces in the day too she may not want as much at night. I'd day don't worry if she'd trying to sleep through the night, as long as she's fed and your both well rested :)","06/21/2022, 23:03:57"
564594265212723,https://facebook.com/564594265212723,564405658564917,Wow. Lucky you. I don’t think it is a problem if she still eats well.,"06/22/2022, 03:03:57"
564485491890267,https://facebook.com/564485491890267,564405658564917,"If she is gaining weight well, let her sleep.","06/21/2022, 23:03:57"
564476008557882,https://facebook.com/564476008557882,564405658564917,Yeah I WISH 😂 my daughter will sleep from 8/9-12 and then wakes up every two losh hours lol and that’s her longest stretch 🥲 she’s also almost four months old. If she’s gaining weight and healthy don’t worry about it.,"06/21/2022, 22:03:57"
564828935189256,https://facebook.com/564828935189256,564405658564917,My little one was pretty much sleeping through by 4 weeks and is a happy healthy 1.5 year old now. You're doing great 💕✨️,"06/22/2022, 11:03:57"
564585371880279,https://facebook.com/564585371880279,564405658564917,You are so lucky.Just follow her cues.,"06/22/2022, 03:03:57"
564478565224293,https://facebook.com/564478565224293,564405658564917,I'm so jelly 😭 my daughter is 9 months and still wakes up every 2/3 hours to eat. Never has slept more than maybe 5 hours tops lol,"06/21/2022, 23:03:57"
564595728545910,https://facebook.com/564595728545910,564405658564917,That sounds perfect! That's the goal after 8 weeks. I'm not there yet but sounds like you have set a perfect schedule for her and work from there,"06/22/2022, 03:03:57"
564471048558378,https://facebook.com/564471048558378,564405658564917,"I had a NICU baby and my pedi said once we hit over birth weight then just feed on demand, we were doing that at just a couple weeks old, I would ask why they made that suggestion.","06/21/2022, 22:03:57"
564469331891883,https://facebook.com/564469331891883,564405658564917,she is adorable 💗🥰,"06/21/2022, 22:03:57"
564481911890625,https://facebook.com/564481911890625,564405658564917,Let her be. She will wake if she needs you.,"06/21/2022, 23:03:57"
564471035225046,https://facebook.com/564471035225046,564405658564917,As long as she's gaining weight that's ok she will let you know if she's hungry. Enjoy!!,"06/21/2022, 22:03:57"
564744788531004,https://facebook.com/564744788531004,564405658564917,I'm so jealous! Enjoy it... she's so cute!,"06/22/2022, 08:03:57"
564486815223468,https://facebook.com/564486815223468,564405658564917,I wish my little one would sleep longer than 2 hours at a time. You're doing an awesome job.,"06/21/2022, 23:03:57"
564485798556903,https://facebook.com/564485798556903,564405658564917,I would let her be if she shows no interest. In the beginning I was tracking feedings and amounts to make sure she was getting enough which turns out she definitely was. I used a app and would just add in every bottle. They say online a good judgement is 2.5oz for every pound is what baby should be eating. I went by that and we never had a issue. I would see what happens since you’re going to the pediatrician anyways.,"06/21/2022, 23:03:57"
564468521891964,https://facebook.com/564468521891964,564405658564917,Thank your lucky stars and hope it sticks! Nothing wrong with this 😍,"06/21/2022, 22:03:57"
564467338558749,https://facebook.com/564467338558749,564405658564917,"Let her do it, enjoy it! Babies will let you know when their hungry","06/21/2022, 22:03:57"
564541485218001,https://facebook.com/564541485218001,564405658564917,That’s totally fine. My boy was the same 😊 enjoy and get some sleep.,"06/22/2022, 01:03:58"
564504018555081,https://facebook.com/564504018555081,564405658564917,Yes let her sleep!!!,"06/22/2022, 00:03:58"
564509228554560,https://facebook.com/564509228554560,564405658564917,I stopped setting an alarm when my baby was like a few weeks out since i kept sleeping through my alarm.my baby os now 9months and sleeps like 10pm till 7-9am. I say she is fine if gaining weight. Also my baby is only like 16-17lbs and doc is not worried one bit.,"06/22/2022, 00:03:58"
564467825225367,https://facebook.com/564467825225367,564405658564917,My ped said if their weight is fine let my babe sleep!,"06/21/2022, 22:03:58"
564490088556474,https://facebook.com/564490088556474,564405658564917,If she sleeping let her be,"06/21/2022, 23:03:58"
564490931889723,https://facebook.com/564490931889723,564405658564917,"My son started sleeping 12 hours straight from 5 weeks old, 7pm-7am 🤷🏼‍♀️","06/21/2022, 23:03:58"
564512511887565,https://facebook.com/564512511887565,564405658564917,Totally fine! My now 6 month old did the same,"06/22/2022, 00:03:58"
564817091857107,https://facebook.com/564817091857107,564405658564917,She'll be totally fine!,"06/22/2022, 11:03:58"
564479691890847,https://facebook.com/564479691890847,564405658564917,Let that baby sleep,"06/21/2022, 23:03:58"
564987005173449,https://facebook.com/564987005173449,564405658564917,Let her sleep,"06/22/2022, 15:50:58"
564574295214720,https://facebook.com/564574295214720,564405658564917,Jealous mom here😎😎😆😂,"06/22/2022, 02:03:58"
564625251876291,https://facebook.com/564625251876291,564405658564917,"You jammy thing, take the sleep while you can!","06/22/2022, 04:03:58"
564509661887850,https://facebook.com/564509661887850,564405658564917,Look into whether or not she is getting the proper amount of wet diapers.,"06/22/2022, 00:03:58"
564499071888909,https://facebook.com/564499071888909,564405658564917,She should be fine shes old enough that shes getting on her own little sleeping pattern my little one is almost 4 weeks old and she takes a nap 2 times in the day and then will sleep for at least 7 hours at night and her pediatrician said it was just fine,"06/21/2022, 23:03:58"
564471195225030,https://facebook.com/564471195225030,564405658564917,My pediatrician said not to wake because he is back of at birth weight and he wasn't losing and was gaining If she's gaining weight don't wake her consider it a blessing lol My son is almost 9 months and he still wakes up three times a night to eat,"06/21/2022, 22:03:58"
564776941861122,https://facebook.com/564776941861122,564405658564917,"FTM here to an 11wo girl, she was jaundice initially so I had to wake her to feed in hospital. When I went home they didn’t tell me I didn’t have to do that anymore so I was waking her every 3 hours to feed. Best advice I got around 3-4 weeks was NEVER wake a sleeping baby haha provided they are healthy and putting on weight at a good pace, if they want to sleep, let them sleep. Sleep promotes more sleep.
My LO sleeps through most nights now, sometimes up to 11.5 hours! But usually 9 or so. Mind you, she’s not great at long naps during the day I get x2-3 30 min naps.","06/22/2022, 10:03:58"
564475905224559,https://facebook.com/564475905224559,564405658564917,My first born slept through the whole night literally 8-9 hours right from birth he's now 3 years old still sleeps through the night let them sleep they will let you know if they are hungry,"06/21/2022, 22:03:58"
564484881890328,https://facebook.com/564484881890328,564405658564917,My son did this at this age. He was a great sleeper. As long as she's the proper weight and not under. I remember that panic of the 1st night he slept through. Then the relief. Then the OMG did I really just sleep a whole night? Hahah.,"06/21/2022, 23:03:58"
564826601856156,https://facebook.com/564826601856156,564405658564917,"I have a 6 month old and she did the same since a newborn, I would tell my dr and they advised just waking for feeding on schedule , and luckily due to her having the habit of long sleeps through the night she now still sleeps from 10pm to 8am and is healthy and well within the percentile of weight she needs to be ! Even if I try to wake , she’s a lazy butt and doc says she looks great in all senses ! Don’t worry too much if baby’s healthy by docs approval","06/22/2022, 11:03:58"
564693381869478,https://facebook.com/564693381869478,564405658564917,I was always told if baby is above birth weight don't wake them 🤷🏻‍♀️ never wake a sleeping baby as that's when they are developing their brain. Xxx,"06/22/2022, 07:03:58"
564573831881433,https://facebook.com/564573831881433,564405658564917,Let her sleep mumma,"06/22/2022, 02:03:58"
564467018558781,https://facebook.com/564467018558781,564405658564917,"don’t forget that the doctor doesn’t know your baby, if baby needs something baby WILL always tell you 🤍 my daughter isn’t very hungry at night either bc she eats a lot during the day! If you’re worried it’s never bad to wake up & check on baby","06/21/2022, 22:03:58"
564475558557927,https://facebook.com/564475558557927,564405658564917,"My first slept all night day one. She would eat a lot, go to sleep around 8pm and wake up around 7 am. Than she'd eat through out the day and repeat the cycle. Some babies just automatically set themselves on sleep schedule.","06/21/2022, 22:03:58"
564831188522364,https://facebook.com/564831188522364,564405658564917,Lucky 🍀,"06/22/2022, 11:03:58"
564830311855785,https://facebook.com/564830311855785,564405658564917,"Totally off subject. Just in case you haven't heard, there was a recall on those rockers..
""Fisher-Price, US regulators warn of infant deaths in rockers - ABC News"" https://
abcnews.go.com/
amp/Lifestyle/
wireStory/
fisher-price-us-
regulators-warn
-infant-deaths-
rockers-8538961
6","06/22/2022, 11:03:58"
564783661860450,https://facebook.com/564783661860450,564405658564917,It is totally ok!!,"06/22/2022, 10:03:58"
564674021871414,https://facebook.com/564674021871414,564405658564917,Lucky mama,"06/22/2022, 06:03:58"
564597495212400,https://facebook.com/564597495212400,564405658564917,Nathaniel Goatley,"06/22/2022, 03:03:58"
564565331882283,https://facebook.com/564565331882283,564405658564917,Totally okay!,"06/22/2022, 02:03:58"
564520241886792,https://facebook.com/564520241886792,564405658564917,Lucky you! 😍,"06/22/2022, 00:03:58"
564470661891750,https://facebook.com/564470661891750,564405658564917,I wish I had that problem lol,"06/21/2022, 22:03:58"
564468638558619,https://facebook.com/564468638558619,564405658564917,If gaining weight perfectly fine!!,"06/21/2022, 22:03:58"
564466181892198,https://facebook.com/564466181892198,564405658564917,It's fine!!! Enjoy!!!,"06/21/2022, 22:03:58"
