﻿id,url,reply_to,text,time
563441555327994,https://m.facebook.com/groups/babysleeptrainingtips/permalink/563441555327994/,,Is feeding to sleep a bad habit?,"06/20/2022, 08:30:49"
563918305280319,https://facebook.com/563918305280319,563441555327994,I feed my 2. Month old to sleep. Babies need comfort 🤷🏼‍♀️ I have tried letting her self sooth and she hasn’t picked up on it yet and that’s totally okay,"06/20/2022, 00:00:00"
563561031982713,https://facebook.com/563561031982713,563441555327994,"My son is only 3 months. I feed him to sleep every time. He naps for up to 2 hours, and sleeps through the night. He’s learned to self soothe by sticking on his thumb when his bink falls out of his mouth.","06/20/2022, 00:00:00"
563644181974398,https://facebook.com/563644181974398,563561031982713,[NAME REDACTED] my girl does this too!! But she scratches her nose😢,"06/20/2022, 00:00:00"
563660238639459,https://facebook.com/563660238639459,563561031982713,[NAME REDACTED] I have to trim his nails almost everyday to avoid him scratching himself 😕,"06/20/2022, 00:00:00"
564079861930830,https://facebook.com/564079861930830,563561031982713,[NAME REDACTED] I got a baby nail grinder from Amazon and it works good and keeps them smooth!,"06/21/2022, 00:00:00"
564101965261953,https://facebook.com/564101965261953,563561031982713,[NAME REDACTED] can you post a link of which one you bought please!!,"06/21/2022, 00:00:00"
564104365261713,https://facebook.com/564104365261713,563561031982713,"[NAME REDACTED] Baby Nail Trimmer Electric, FANSIDI Baby Nail Clippers Safe Baby Nail File Kit with Extra 12 Replacement Pads, Trim Polish Grooming Kit for Newborn Infant Toddler or Adults Toes Fingernails Care, Blue https://a.co/d/
b3IpdWv","06/21/2022, 00:00:00"
564104641928352,https://facebook.com/564104641928352,563561031982713,[NAME REDACTED] it was cheaper when I got it but there are some different brands that are cheaper!,"06/21/2022, 00:00:00"
564158595256290,https://facebook.com/564158595256290,563561031982713,[NAME REDACTED] thank you so much!!,"06/21/2022, 00:00:00"
564330578572425,https://facebook.com/564330578572425,563561031982713,[NAME REDACTED] you’re welcome ☺️,"06/21/2022, 00:00:00"
565088678496615,https://facebook.com/565088678496615,563561031982713,it’s awesome we have the same thing for our 3month old and she loves it,"06/22/2022, 20:49:25"
563544968650986,https://facebook.com/563544968650986,563441555327994,Definitely not a bad habit. Babies need comfort from their caregivers to feel safe and secure to fall asleep. Why withhold that comfort from them? They won't be babies for long.,"06/20/2022, 00:00:00"
563547658650717,https://facebook.com/563547658650717,563544968650986,[NAME REDACTED] 👏🏽👏🏽👏🏽👏🏽,"06/20/2022, 00:00:00"
564039628601520,https://facebook.com/564039628601520,563544968650986,[NAME REDACTED] I agree!!,"06/21/2022, 00:00:00"
564286348576848,https://facebook.com/564286348576848,563544968650986,[NAME REDACTED] word.,"06/21/2022, 00:00:00"
565416608463822,https://facebook.com/565416608463822,563441555327994,My 23 months old still feed to sleep. I really want her to stop this habit cos I'm afraid of her teeth going bad.,"06/23/2022, 08:53:22"
563616748643808,https://facebook.com/563616748643808,563441555327994,My son is a week from turning 1 and he still takes a bottle at nap time and bedtime. Otherwise he doesn’t want it. It’s a comfort item and a vital part of our routine.,"06/20/2022, 00:00:00"
564250351913781,https://facebook.com/564250351913781,563616748643808,[NAME REDACTED] I’m so glad I’m not the only one that’s one year old still uses the bottle as a comfort item. Her doctor tried shamming me for letting her have a bottle at night,"06/21/2022, 00:00:00"
564252668580216,https://facebook.com/564252668580216,563616748643808,[NAME REDACTED] I switched drs when mine told me I wasn’t supposed to give my dehydrated child watered down pedialyte at 9mo,"06/21/2022, 00:00:00"
564263611912455,https://facebook.com/564263611912455,563616748643808,[NAME REDACTED] that’s crazy her doctor told me that it was my fault that she had projectile vomit only to find out she had reflux,"06/21/2022, 00:00:00"
563540405318109,https://facebook.com/563540405318109,563441555327994,"There’s the camp who believe in feeding to sleep due to it being “biologically normal.” Then there’s the other camp (that I identify with) who break sleep crutches in order to promote healthy, age-appropriate
sleep in order for momma to be her best emotionally and mentally which in turn leads to a happier baby. Speaking personally, I’m not my best when I’m not sleeping. And when I’m not my best, neither is my baby. Some women can function fine without sleep though. It just depends on you.","06/20/2022, 00:00:00"
563570985315051,https://facebook.com/563570985315051,563540405318109,"[NAME REDACTED] yea two different camps and by saying your camp promotes healthy, age-appropriate
sleep makes it seem like the other camps kids are not healthy and behaving age-appropriate
. I’m 38 and my mom put me to sleep on my own and now days I need a dark room, sound machine, freezing cold temps, etc. Soooo … it’s all a wild guess","06/20/2022, 00:00:00"
563575561981260,https://facebook.com/563575561981260,563540405318109,"[NAME REDACTED] Oh, I didn’t mean for it to come across as babies who are fed to sleep are not healthy or behaving age-appropriate
. What I meant was feeding to sleep can cause babies to depend on feeding in order to fall asleep which can cause increased night wakings and disrupted sleep for their age. Not that they are unhealthy by any means. And if someone is okay with that disrupted sleep then more power to them. Like I said, I personally already have mental health issues and adding no sleep to that would not make me the best mother I can be for my children. And as I said, some women can function fine with a lack of sleep and it’s up to the original poster to decide.","06/20/2022, 00:00:00"
563986155273534,https://facebook.com/563986155273534,563540405318109,"[NAME REDACTED] personally I feed my baby to sleep always have and she’s just over a year and I have never had a problem, my baby has always slept three the night even as a newborn. And we are both “healthy, emotionally and mentally and happier”","06/21/2022, 00:00:00"
564052751933541,https://facebook.com/564052751933541,563540405318109,[NAME REDACTED] you lucked out! That’s awesome,"06/21/2022, 00:00:00"
565213685150781,https://facebook.com/565213685150781,563540405318109,[NAME REDACTED] same!,"06/23/2022, 01:49:27"
563538775318272,https://facebook.com/563538775318272,563441555327994,"I fed my baby asleep often and it was just part of the routine that he liked and it never made anything hard for us. Every baby is different.
I’ve also cuddled or layed next to my son until he fell asleep. Favorite part of the day and it’s never been an issue for us. Sometimes it’s 10 min or 45 until he’s asleep doesn’t bother me.
At a year and a couple months i threw away all the bottles cold turkey and he didn’t even notice. I stopped any night feeds by 10 months I should’ve done it sooner but I didn’t mind getting up once.
It’s up to you when to stop doing something your baby will adjust it may be hard for a couple days but they’ll get it babies/kids are really great at that.","06/20/2022, 00:00:00"
563522585319891,https://facebook.com/563522585319891,563441555327994,"Biologically normal. People are weird as hell for making it a bad ""habit"". Our babies would stay on us and feed throughout the night. Not like back in the day we put them on the other side of the cave for crib time lmao","06/20/2022, 00:00:00"
563526455319504,https://facebook.com/563526455319504,563441555327994,My baby is 4 months old and is breastfeed to sleep he sleep right through the night since he was born,"06/20/2022, 00:00:00"
563526195319530,https://facebook.com/563526195319530,563441555327994,I have 4 kids and always fed to sleep. I never forced them to use different way of how to fall asleep but later on in their lives they used dummy instead or learnt when I stopped breastfeeding them. In my opinion it’s a natural way for babies until they are mature enough to learn otherwise. I understand there might be parents who want to teach their children to fall asleep in early age (I mean few months old) but I never forced it on my kids and just followed their lead as they are all different and have different preferences and needs. For example my first one has to be rocked to sleep but my 6 months old hates it and sometimes prefers to have a cuddle without boob. He has no dummy. So it really depends on the child too,"06/20/2022, 00:00:00"
563674525304697,https://facebook.com/563674525304697,563526195319530,[NAME REDACTED] Is a dummy a pacifier or like a stuffed animal or blanket? A type of comfort thingy?,"06/20/2022, 00:00:00"
563721665299983,https://facebook.com/563721665299983,563526195319530,[NAME REDACTED] a dummy in the UK is a pacifier,"06/20/2022, 00:00:00"
563763061962510,https://facebook.com/563763061962510,563526195319530,[NAME REDACTED] ohhh ok. Thank you. That makes sense. I was really hoping it was something that I haven’t tried yet.,"06/20/2022, 00:00:00"
563833211955495,https://facebook.com/563833211955495,563526195319530,"[NAME REDACTED] i feel you ! My daughter won't take a dummy and won't self soothe. Just wants my boob all the time. It's hard going, but it doesn't last forever!","06/20/2022, 00:00:00"
564195235252626,https://facebook.com/564195235252626,563526195319530,"[NAME REDACTED] sadly it doesn’t last too long. When you say 2-3 years it sounds long but it’s not. Before you realize they will go to nursery than primary school and than they are nearly young adults. My 7 yrs old starting to look like young lady and I’m wondering where the time has gone. She was the hardest one. I breastfed her 2 and half years. She was an addict to my boobs. She wouldn’t sleep unless rocked. Interesting was she was the only one who had very bad colic. It was hard and it’s all gone now. She wants to choose what she wants to do , wear. She wants to play on her own. She is nearly grown up and I still want to cuddle her to sleep in my bed ♥️😊😅💔","06/21/2022, 00:00:00"
563516685320481,https://facebook.com/563516685320481,563441555327994,"They need to learn to fall asleep on their own so that when they wake up in the night, they can self-soothe.","06/20/2022, 00:00:00"
563477418657741,https://facebook.com/563477418657741,563441555327994,"Yes, it was the source of most of our sleep issues. Fixing that had our baby sleeping through the night and napping very well.","06/20/2022, 00:00:00"
563478555324294,https://facebook.com/563478555324294,563477418657741,[NAME REDACTED] how did you fix that!!,"06/20/2022, 00:00:00"
563493685322781,https://facebook.com/563493685322781,563477418657741,[NAME REDACTED] By feeding do you mean bottle feeding or even breastfeeding? I breastfeed to sleep. Is that also a problem?,"06/20/2022, 00:00:00"
563508198654663,https://facebook.com/563508198654663,563477418657741,"[NAME REDACTED] By creating ""hunger pressure"". Start feeding your baby 15-20 mintues after a wake up. Stop feeding a minimum of 30 minutes before naps and bedtime. Encourage active feeds (avoid just chewing or playing with the bottle). Feed in well lit spaces and don't encourage sleepiness while feeding.

By 6 months old your baby doesn't need to eat overnight. When your baby wakes at night for a feed it's more out of habit than true hunger. If you can hold fast for even one night and avoid overnight feeding, by the morning they will be ready to eat early in the wake period - breaking that feed to sleep cycle.

Your baby may fuss a little but I promise they will be so much happier when you break this habit and let them learn to connect sleep cycles without the need for milk. I make exceptions to all this for traveling, illness etc. so do what feels right for you and your LO.","06/20/2022, 00:00:00"
563513705320779,https://facebook.com/563513705320779,563477418657741,"[NAME REDACTED] Any kind of feeding to sleep (breast or bottle) has the same effect. I don't think there is anything wrong with it early on with a newborn but eventually you want to stop. It teaches the baby that they need your help to fall asleep instead of teaching them they can fall asleep and connect sleep cycles on their own. I think it's important to make exceptions when your baby needs it, but in general sleeping is a skill that once learned makes your LO much happier.","06/20/2022, 00:00:00"
563515388653944,https://facebook.com/563515388653944,563477418657741,[NAME REDACTED][NAME REDACTED] Thank you.,"06/20/2022, 00:00:00"
564287495243400,https://facebook.com/564287495243400,563441555327994,6 month old son does for naps usually not so much for bedtime though unless he just exhausted,"06/21/2022, 00:00:00"
563627631976053,https://facebook.com/563627631976053,563441555327994,"I would say from my own personal experience.. yes. I wish I’d never followed this advice that was given from the health visitor😔
My son wouldn’t go to sleep without the boob and was a lot more difficult when others are looking after him - for example nap times during the day at nursery & when my partner is trying to get him to sleep in the evenings.","06/20/2022, 00:00:00"
563633531975463,https://facebook.com/563633531975463,563441555327994,Yes it's a bad habit and everyone says they will grow out of it but in some cases dont...I know plenty of toddler that they keep waking up in the middle of the night for milk even if is cows milk but they need the comfort of it in the middle of the night.,"06/20/2022, 00:00:00"
563555551983261,https://facebook.com/563555551983261,563441555327994,"Not necessarily a bad habit, but feeding to sleep could prevent them from getting a “full feed” in and waking up earlier than they would if they had the bottle earlier. Also associates sleeping with food so that could be hard to break","06/20/2022, 00:00:00"
563624248643058,https://facebook.com/563624248643058,563441555327994,"I think it depends. When they are really young infants no, but once they get older it can become a bad habit and it’s worse when they get teeth. Once they start getting teeth you need to brush their teeth after their bottle before bed or the sugar in milk will rot their teeth.","06/20/2022, 00:00:00"
563538918651591,https://facebook.com/563538918651591,563441555327994,It can be if your baby is waking up multiple times and needing to feed to go back to sleep but some babies will feed to sleep and sleep all night or wake when hungry. I think it depends on the baby personally!,"06/20/2022, 00:00:00"
563725415299608,https://facebook.com/563725415299608,563441555327994,"I always fed to sleep, and gradually cut down when I started back at work and started introducing the bottle, now he’s one on weds and I put him to bed awake and he goes to sleep on his own x","06/20/2022, 00:00:00"
563513235320826,https://facebook.com/563513235320826,563441555327994,"Yes. It’s probably ok for a while when baby is little, but eventually it will form sleep association and baby won’t fall asleep without feeding. You can feed the baby before the night, but make sure he/she is not falling asleep on your boob or bottle. After feeding, make sure they are awake before going in bed. That rule applies for rocking, holding etc.","06/20/2022, 00:00:00"
563533248652158,https://facebook.com/563533248652158,563441555327994,It’s fine until they can start soothing themselves which is about 5-6 months. My daughter would wake up every 2 hours to breastfeed not for hunger but for soothing. It becomes overwhelming. 😅,"06/20/2022, 00:00:00"
563534981985318,https://facebook.com/563534981985318,563533248652158,"Here is great book that helped me out
The No-Cry Sleep Solution: Gentle Ways to Help Your Baby Sleep Through the Night https://a.co/d/
g8psZ6q","06/20/2022, 00:00:00"
564047915267358,https://facebook.com/564047915267358,563533248652158,[NAME REDACTED] I have a 6 month old but he refuses to soothe himself… and now he’s waking up like 3 times a night (he used to sleep through the night) do you have any tips on how to get himself to soothe himself?,"06/21/2022, 00:00:00"
564057855266364,https://facebook.com/564057855266364,563533248652158,"[NAME REDACTED] Honestly I do how they say “put them down drowsy but awake “ to sleep. And yes there will be some crying involved. Sometimes she falls asleep right away sometimes she cries. Then I make sure she is not hungry.
And keep practicing. My daughter wouldn’t not fall asleep without boob or pacifier now she falls asleep on her own.
How do you put your son down to sleep?","06/21/2022, 00:00:00"
564059308599552,https://facebook.com/564059308599552,563533248652158,"[NAME REDACTED] we tried to put him down drowsy but he just cries and he stand right up,even if we pat his back/but. But we normally give him a bottle and he’s out and he will let us put him down (only for bedtime not naps!) but I’m trying to slow down the comfort feeding at night bc his teeth feel like they’re about to pop through and I’m nervous about teeth rot","06/21/2022, 00:00:00"
564133108592172,https://facebook.com/564133108592172,563533248652158,[NAME REDACTED] Maybe because he’s teething his sleep is not as good. 🤷‍♀️,"06/21/2022, 00:00:00"
563588188646664,https://facebook.com/563588188646664,563441555327994,"It depends. If your baby then needs feeding to sleep every time, ie throughout the night then it might become a problem","06/20/2022, 00:00:00"
563620245310125,https://facebook.com/563620245310125,563441555327994,"I did this with my baby but not every time. Only when she was overly tired and I KNEW she was hungry. But otherwise, she self soothes","06/20/2022, 00:00:00"
563696418635841,https://facebook.com/563696418635841,563441555327994,"The main concern is when they get teeth, then it causes cavities from the sugar in the milk/formula. Other than that I think it’s just a matter of what works for you and your baby; you can try both ways for a while and see if your baby sleeps better through the night with and without feeding to sleep. No judgment ❤️ My baby still feeds to sleep, and I have no idea how to change it 😂","06/20/2022, 00:00:00"
563520841986732,https://facebook.com/563520841986732,563441555327994,"Yes my daughter is 1 and still needs a bottle of juice (half and half of course) or pediasure throughout the night. And it is really really hard to break her of it. Ive tried so many times and it hurts me because she wont sleep without it and she cries non stop if she cant find it at night i give it to her she instantly stops

Don’t make it a habit because it is a very hard one to break","06/20/2022, 00:00:00"
563512395320910,https://facebook.com/563512395320910,563441555327994,My daughter is 6 months old and usually likes a bottle before her naps but will eat about 15 minutes before bedtime and sleeps 12 hours uninterrupted at night so I don’t think it’s bad!,"06/20/2022, 00:00:00"
563620165310133,https://facebook.com/563620165310133,563441555327994,"Everyone has different opinions and experiences and each child/parent is different!!!
Personally, it became a crutch for my child and I was waking throughout the night often and had to eventually break the habit around the time she was 1 and I seen it’s appropriate for babies to sleep throughout the night without a bottle. I was so exhausted from never sleeping a full night for over a year and I wish I did it sooner but I also felt too bad with her crying lol.
She still doesn’t sleep the best ar 19 months so I think I’m just cursed haha","06/20/2022, 00:00:00"
563772838628199,https://facebook.com/563772838628199,563620165310133,[NAME REDACTED] did you sleep train by any chance? I’m cursed too lol,"06/20/2022, 00:00:00"
563788448626638,https://facebook.com/563788448626638,563620165310133,[NAME REDACTED] I tried yes! Haha many different ways,"06/20/2022, 00:00:00"
563514651987351,https://facebook.com/563514651987351,563441555327994,Yess I’m fighting this right now at this moment. My son is 14 months old and still dependent on a bottle to go to bed. I tried to wean of the bottle and no luck. He drinks a sippy cup throughout the day but bed time he knows he needs his bottle,"06/20/2022, 00:00:00"
563520321986784,https://facebook.com/563520321986784,563514651987351,[NAME REDACTED] same!! How do we fix this,"06/20/2022, 00:00:00"
563531168652366,https://facebook.com/563531168652366,563514651987351,[NAME REDACTED] I have no idea🥲,"06/20/2022, 00:00:00"
563772541961562,https://facebook.com/563772541961562,563514651987351,[NAME REDACTED] same fighting it 🫠,"06/20/2022, 00:00:00"
563510351987781,https://facebook.com/563510351987781,563441555327994,"I breast feed every night before bed and put him to sleep when he's fell asleep and he sleeps through the night, he doesn't nap much except for after his morning feed and when I feed he will have short naps","06/20/2022, 00:00:00"
563563475315802,https://facebook.com/563563475315802,563510351987781,[NAME REDACTED] same !🧡,"06/20/2022, 00:00:00"
563506455321504,https://facebook.com/563506455321504,563441555327994,My boy fights sleep so hard.. one of the only ways we can get him down and not screaming,"06/20/2022, 00:00:00"
563521495320000,https://facebook.com/563521495320000,563506455321504,[NAME REDACTED] same,"06/20/2022, 00:00:00"
563536535318496,https://facebook.com/563536535318496,563506455321504,[NAME REDACTED] same 😭,"06/20/2022, 00:00:00"
563584548647028,https://facebook.com/563584548647028,563506455321504,"[NAME REDACTED] I was up from 4am-9am.... Boy was eating almost the whole time like he was wasting away..
Would not sleep. Had to take him to my mom and he was STILL up until 10... Got about 4 hr sleep last night ugh","06/20/2022, 00:00:00"
563585815313568,https://facebook.com/563585815313568,563506455321504,[NAME REDACTED] we’ve had nights like that too. 😩 literally the worst. My boy thinks he doesn’t need to eat a lot during the day and demands bottles when he wakes at night. Idk what to do besides sleep train & slowly wean down the feeds. It’s gonna suck but our house needs good sleep 😴 we’re so tired,"06/20/2022, 00:00:00"
563588578646625,https://facebook.com/563588578646625,563506455321504,[NAME REDACTED] at one point I was just like okay.. cry then.. and that's what he did.. and didn't stop.. tried to take him on the porch then outside then out front then back in the dark.. nothing.. I'm so tired,"06/20/2022, 00:00:00"
563598308645652,https://facebook.com/563598308645652,563506455321504,[NAME REDACTED] sounds exactly like me. I’m so nervous cause my baby gets like ANGRY. So angry he makes himself sick then I have to intervene. Nothing works besides a bottle. 😩,"06/20/2022, 00:00:00"
563599671978849,https://facebook.com/563599671978849,563506455321504,[NAME REDACTED] ya he will cry cry cry scream and cough.. now he's got this new cry that actually just sounds sooo sad it makes my heart hurt,"06/20/2022, 00:00:00"
563600441978772,https://facebook.com/563600441978772,563506455321504,"[NAME REDACTED] omggggg same!!!!! I want to let him cry but when that really sad cry happens, I cave. I almost need a live in sleep consultant for 2 weeks 🤣","06/20/2022, 00:00:00"
563600791978737,https://facebook.com/563600791978737,563506455321504,[NAME REDACTED] lol for real. Let me know if u ever figure something out lol,"06/20/2022, 00:00:00"
563733495298800,https://facebook.com/563733495298800,563441555327994,I've always been told never to make a habit of feeding to sleep it creates a negative sleep association. Babies need to be awake enough to feed,"06/20/2022, 00:00:00"
563549558650527,https://facebook.com/563549558650527,563441555327994,I mean the baby is always eating I feel and sleeping it’s what babies do. I think your just doing your job not creating habits.,"06/20/2022, 00:00:00"
563641088641374,https://facebook.com/563641088641374,563549558650527,[NAME REDACTED] yes in the newborn stage but as they get older some become dependent on it,"06/20/2022, 00:00:00"
563642798641203,https://facebook.com/563642798641203,563549558650527,Just follow the sleep training book and you don’t need to think about it,"06/20/2022, 00:00:00"
563711861967630,https://facebook.com/563711861967630,563441555327994,"No, but it can keep their digestive track working when it should be resting so baby doesn’t get sleep disturbed from pooping or gas pain.","06/20/2022, 00:00:00"
563776285294521,https://facebook.com/563776285294521,563441555327994,My baby learnt how to sleep independently but also is ok to feed before sleeping for catnaps. It is okay for them to feed to sleep. x,"06/20/2022, 00:00:00"
563467568658726,https://facebook.com/563467568658726,563441555327994,"For me isn't. She eat and fell asleep for naps, and by night she sleeps by herself without help or feedings. :)","06/20/2022, 00:00:00"
563698745302275,https://facebook.com/563698745302275,563441555327994,No it’s only natural! Your body produces sleepy hormones for you and baby both while nursing at night,"06/20/2022, 00:00:00"
563811805290969,https://facebook.com/563811805290969,563698745302275,I still nurse my daughter to sleep she’s getting used to either sleeping with her paci or just cuddling but she still nurses to sleep occasionally and she will be 7 months,"06/20/2022, 00:00:00"
563544258651057,https://facebook.com/563544258651057,563441555327994,My son feeds to sleep and I was able to switch him from a bottle to sippy cup once he was 12 months he’s 14 months. He sleeps throughout the night .,"06/20/2022, 00:00:00"
564304341908382,https://facebook.com/564304341908382,563441555327994,I feed my 8 month old to sleep still,"06/21/2022, 00:00:00"
563499888655494,https://facebook.com/563499888655494,563441555327994,"Yeah. I made the mistake of doing this with my first and it contributed to him being a terrible sleeper for 2 years. Definitely didn’t make that mistake with my first. During the day, I would wake her up if she feel asleep after feeding even if it was right before nap.","06/20/2022, 00:00:00"
563516138653869,https://facebook.com/563516138653869,563441555327994,"Depends on you. People will tell you yes and no, but in the end it's whatever works for your family.","06/20/2022, 00:00:00"
563461915325958,https://facebook.com/563461915325958,563441555327994,Yes! My LO is 8 months now and is constantly soothing for a bottle to sleep. For naps and bedtime. Bed a really hard habit to break as she is still up every 3 hours wanted to soothe for a bottle to get back to sleep,"06/20/2022, 00:00:00"
563570918648391,https://facebook.com/563570918648391,563461915325958,This is the same for us with our 9 month old! 😩,"06/20/2022, 00:00:00"
563589598646523,https://facebook.com/563589598646523,563461915325958,[NAME REDACTED] I’m glad I’m not the only one,"06/20/2022, 00:00:00"
563962921942524,https://facebook.com/563962921942524,563461915325958,[NAME REDACTED] same here with my 8 month baby boy.. he still wakes up at night to feed to sleep 😵‍💫,"06/21/2022, 00:00:00"
563861285286021,https://facebook.com/563861285286021,563441555327994,I have a 7 month old and I feed him to sleep at night time.,"06/20/2022, 00:00:00"
563933215278828,https://facebook.com/563933215278828,563441555327994,My baby loves feeding to sleep and so I let her :),"06/20/2022, 00:00:00"
563505738654909,https://facebook.com/563505738654909,563441555327994,I feel so bad now because I thought that was normal. We always give him a bottle for bed and to get him back down or else nothing will make him go to sleep.,"06/20/2022, 00:00:00"
563531748652308,https://facebook.com/563531748652308,563505738654909,"Same here, its not bad there is no right or wrong x","06/20/2022, 00:00:00"
563537081985108,https://facebook.com/563537081985108,563505738654909,[NAME REDACTED] me too. But my baby is starting to wake too many times a night to eat. I want him to sleep through the night like he used. I have to break this habit asap 😭,"06/20/2022, 00:00:00"
563522475319902,https://facebook.com/563522475319902,563441555327994,"7 and a half months. Personally, no problems. Put him to bed, he sleeps through the night. He will wake sometimes, but will roll over and go back to sleep. Sleep from 8pm until 5am, feed, then sleep until 8am.","06/20/2022, 00:00:00"
563556321983184,https://facebook.com/563556321983184,563441555327994,"I think from all of the comments you can gather that every babe is different with different needs and wants. You can either follow your child’s lead or force yours on them. I’m also not sure why they have been coined as ‘bad habits’ as another mom once said that she feels it’s a super power like you have the power to put your babe to sleep by feeding and holding them. ❤️ plus I don’t know of any adult that needs their parents help to sleep or needs a drink in the middle of the night etc.
My first child I nursed to sleep and he was up to sleeping 6 hours by 2 months. With every needle he got, his sleep suffered drastically as in he’d wake up every 2-3 hours and it would take the entire 2 months to get back up to a similar sleep time so at 4 months he just got back to 5 hour stretches but after his 6 month needle he was sleeping the night by 9/10 months. I dried up at 13 months and he quit nursing with zero fuss. My second child would wake 4-6 times a night until I weaned him at 2.5 years old and it wasn’t terribly hard to wean him. I told him mommy doesn’t have any milk (as I’m pretty sure I dried up maybe 1 to 2 months prior) and that my nipples were very sore(I was pregnant again and they hurt to have him nurse) I just did it gradually starting with the first night feed and held him telling him I knew he was sad to not be nursing and it was ok to be sad, he is ok, I love him, etc. i would only cave and nurse him when he got to the really upset cry. We cosleep (or did-he sleeps well in his own bed now at 3) but it worked. Didn’t take too long either. He does still occasionally wakes a time or two at night but I’ll take an occasional wake over 4-6 times. Though my new babe (8 months old) sometimes wakes quite often too but I like to think it’s leaps and teething and growth spurts as some nights are great. I nurse her to sleep and we cosleep too. She doesn’t always want to nurse to sleep either, the odd time I have to rock her or let her fuss for a few minutes before she will sleep/nurse to sleep which was unusual for me since my first two nurses to sleep so easily I feel. I don’t mind though as they are only little for so long. My oldest is still a great sleeper at 8.","06/20/2022, 00:00:00"
563521118653371,https://facebook.com/563521118653371,563441555327994,"If your baby is wanting a bottle, give it to them.","06/20/2022, 00:00:00"
563533535318796,https://facebook.com/563533535318796,563441555327994,My son takes a bottle of milk to sleep and honestly i think it's habit since we've done it since birth. He's 1 and i want to break the habit so we don't end up with dental problems in the future,"06/20/2022, 00:00:00"
563640365308113,https://facebook.com/563640365308113,563441555327994,I’d rather feed my baby to sleep and know she’s full ready for bed than her be waking up and disturbing her own sleep because she’s hungry. I feed her to sleep and she sleeps through the night. She’s 6 months,"06/20/2022, 00:00:00"
563503045321845,https://facebook.com/563503045321845,563441555327994,Yes absolutely,"06/20/2022, 00:00:00"
563792675292882,https://facebook.com/563792675292882,563441555327994,my son is almost 7 months. i feed him to sleep almost every night. I love it. I love that I can comfort him and put him to sleep peacefully.,"06/20/2022, 00:00:00"
563494188656064,https://facebook.com/563494188656064,563441555327994,"My baba sleeps well when feed him to sleep. 10 weeks and does 3/4 hours during the day and 5/6 during the night also give him a dream
Feed 😊","06/20/2022, 00:00:00"
563513365320813,https://facebook.com/563513365320813,563441555327994,"https://
www.instagram.co
m/p/
Ce9Fai5AeFW/
?igshid=YmMyMTA2
M2Y%3D","06/20/2022, 00:00:00"
563578568647626,https://facebook.com/563578568647626,563441555327994,No. Sometimes my 3mo baby needs that warm milk to fall asleep. He’s on a schedule too. At nighttime he goes to sleep between 7:30-9 & will get up around 12:30-1am for a bottle then get up again between 4-5:30,"06/20/2022, 00:00:00"
563495518655931,https://facebook.com/563495518655931,563441555327994,Yes it is.,"06/20/2022, 00:00:00"
563613365310813,https://facebook.com/563613365310813,563441555327994,Is this more of a soothing thing for my LO?,"06/20/2022, 00:00:00"
563547061984110,https://facebook.com/563547061984110,563441555327994,If he is young definitely not.,"06/20/2022, 00:00:00"
564153645256785,https://facebook.com/564153645256785,563441555327994,My son is 13 months and I still breastfeed him to sleep. He only wakes once a night and sleeps from 8:30pm to 8am 🤷🏼‍♀️,"06/21/2022, 00:00:00"
563486875323462,https://facebook.com/563486875323462,563441555327994,Yes dear it is because you'll teach your baby this habit and he'll get. A sleep crutch that will lead to waking up several times during the night just for comfort feeding and not for hunger.. also it will be harder to wean.. always feed after waking from naps.. during the night feed and if the baby fell asleep just hold him a little while and put him in his bed drowsy.. I'm a sleep consusultant and you can follow my page on insta Sleep Cuddles for more tips and sleep schedule,"06/20/2022, 00:00:00"
563581061980710,https://facebook.com/563581061980710,563486875323462,"[NAME REDACTED] this is what happened to my girl…
She is now 9 months and still expected to be fed to sleep. She’d wake up to 15 times per night and not know how to put herself to sleep. We are now sleep training because she would only fall asleep with us feeding or rocking her.

Definitely break the habit if you can it’ll really help you in the long run [NAME REDACTED]","06/20/2022, 00:00:00"
563634118642071,https://facebook.com/563634118642071,563486875323462,[NAME REDACTED] starting from which month please?,"06/20/2022, 00:00:00"
563638441974972,https://facebook.com/563638441974972,563486875323462,Tony Strotman 😩,"06/20/2022, 00:00:00"
563640721974744,https://facebook.com/563640721974744,563486875323462,[NAME REDACTED] you can start using the dream feed starting 3 months and feeding after naps starting 2 months.. the 1st month you can track the rythm of your baby,"06/20/2022, 00:00:00"
563644365307713,https://facebook.com/563644365307713,563486875323462,[NAME REDACTED] thanks 😘,"06/20/2022, 00:00:00"
563666188638864,https://facebook.com/563666188638864,563486875323462,"[NAME REDACTED] you know, I WAS inclined to disagree.. Then.. I sat there thinking about what you said and I thought about the times I was going insane was when my babies wanted to wake up and I partial nurse them back to asleep.. Several times in the night. I was not getting sleep.. When I changed to feed upon waking ( this also provides comfort and security btw) we were all much happier.. This is good advice [NAME REDACTED].","06/20/2022, 00:00:00"
563667745305375,https://facebook.com/563667745305375,563486875323462,"[NAME REDACTED] what about a baby that was falling asleep on her own at 5-6 months but now (8 months already) she only falls asleep while feeding or stroller daytime, wakes every 1-2 hours at night and does not put herself to sleep anymore. Also i tried ferber again except this time she starts crying uncontrollablll
y and then it is extremely hard to calm her even if i try to breastfeed. She starts arching her back and screaming even worse.

And at night she just wakes up and starts crawling or standing up and there is nothing i can do. She will fall asleep in my arms and wake 15 min after i put her back to crib. She wont even co-sleep calmly, neither in my bed nor in the crib that is beside my bed (i already have 2 cribs). I am exhausted beyond limits as i sleep max 3 hours at night for last 3 months and before she used to wake 2-3 times so also not much sleep 😕","06/20/2022, 00:00:00"
563675068637976,https://facebook.com/563675068637976,563486875323462,[NAME REDACTED] I’m going through this now. It’s a really hard habit to break,"06/20/2022, 00:00:00"
563676161971200,https://facebook.com/563676161971200,563486875323462,"[NAME REDACTED] I REALLY NEED SOMEONE TO ANSWER THIS!
This is my story letter to letter and is the exact reason I found this group at 2am totally exhausted.","06/20/2022, 00:00:00"
563682875303862,https://facebook.com/563682875303862,563486875323462,[NAME REDACTED] this…,"06/20/2022, 00:00:00"
563693148636168,https://facebook.com/563693148636168,563486875323462,"[NAME REDACTED] this is definitely not correct for all babies, I feed my daughter to sleep always have done and she has slept through the night since day one.","06/20/2022, 00:00:00"
563736488631834,https://facebook.com/563736488631834,563486875323462,"[NAME REDACTED] same for my 8 month old, she wakes in the night but doesn’t cry, just gets herself back to sleep. I think it is very hard to name something as a habit or not because it is all dependant on the child and the situation. 😊","06/20/2022, 00:00:00"
563741871964629,https://facebook.com/563741871964629,563486875323462,"[NAME REDACTED] definitely depends on the child, my daughter is now one never done any sleep training and not even tried weaning yet and shes started to go to sleep on her without me having to feed her now even though I have always fed her to sleep and never denied her of that but she doesn't need it as much anymore, she also has an amazing appetite for food and juice....basica
lly anything I eat she wants 😂 she has started to slowly cut down on being breastfed on her own. Been stress free for me rather than trying to force anything, maybe I've been rather lucky I don't know but I my little girl is proof that this theory does not apply to all babies. My personal opinion but the pressure on mum's to have thier babies not dependent on them anymore is so intense and stressful, I've gone with the flow with my little girl and not had a tough time. Mum's need to be encouraged to be patient and nurturing, not to condition their children so young to so strict routine.","06/20/2022, 00:00:00"
563905365281613,https://facebook.com/563905365281613,563486875323462,"[NAME REDACTED] hey dear she might have silent reflux.. alot of babies get reflux after their 6 months . Arching the back is a way to press the stomach muscles in order to prevent acid from flowing to their throats.. and resisting laying down is also a sign.. you need to decrease a bit her breastfeeding make sure you are burping her again.. keep her back straight even when she is breastfeeding..
when you need to put her in her bed lay her on her left side while using a reflux pillow or put 2 pillows under her shoulders do she will be at 45° pat her back until she falls asleep . If she wakes up again just keep on patting and shushing","06/20/2022, 00:00:00"
563906068614876,https://facebook.com/563906068614876,563486875323462,"[NAME REDACTED] yes that's 100% true.. babies has different personalities, usually all sleep training are for alert types baby and hyper active kids, and that's why there is no 1 rule that fits all. But 95% of babies tend to get sleep crutch associated to breastfeeding..
there are babies who are natural sleepers and they fall asleep anywhere at anytime as if they are programmed to sleep since day 1. God bess your little girl 🥰","06/20/2022, 00:00:00"
563509001987916,https://facebook.com/563509001987916,563441555327994,Whatever works for you. If it works for you it's not bad.,"06/20/2022, 00:00:00"
563495641989252,https://facebook.com/563495641989252,563441555327994,Depends. Sleep consultant here. If feeding to sleep is working for you and your baby then you can continue it but if it’s causing sleep issues like short naps or multiple wakings at night then you may want to think about dropping it. Happy to chat if you want more info.,"06/20/2022, 00:00:00"
563509285321221,https://facebook.com/563509285321221,563495641989252,[NAME REDACTED] how do we drop it,"06/20/2022, 00:00:00"
563521605319989,https://facebook.com/563521605319989,563495641989252,[NAME REDACTED] my 20 month old needs bottle to fall asleep and she doesn’t wake up during night but she does wake up super early 5am ish everyday no matter how late she falls asleep- how do we fix this,"06/20/2022, 00:00:00"
563602881978528,https://facebook.com/563602881978528,563495641989252,[NAME REDACTED] I like to gently fade them out. I use this method all the time with my clients. If you go to my IG link in bio the. You can take a free sleep methods quiz to get full instructions.,"06/20/2022, 00:00:00"
563603405311809,https://facebook.com/563603405311809,563495641989252,"[NAME REDACTED] if you send me a message on IG I am happy to share a post with you that can help. @nestedtorested
sleep","06/20/2022, 00:00:00"
563502548655228,https://facebook.com/563502548655228,563441555327994,Id say no. Baby needs what baby needs. My LO feeds right before sleeping & sleeps all night💁🏽‍♀️💁🏽‍♀️💁🏽‍♀️,"06/20/2022, 00:00:00"
563505891988227,https://facebook.com/563505891988227,563502548655228,[NAME REDACTED] same!!! i thought it was normal…,"06/20/2022, 00:00:00"
563508151988001,https://facebook.com/563508151988001,563502548655228,[NAME REDACTED] tbh same🤣 just give the bubba what they need x,"06/20/2022, 00:00:00"
563642551974561,https://facebook.com/563642551974561,563502548655228,[NAME REDACTED] you probably have a newborn right? It's different when they are older,"06/20/2022, 00:00:00"
565288791809937,https://facebook.com/565288791809937,563502548655228,"Shanae Pritchett-Field
s yes i do but he will still have a bottle as and when he needs one no matter the age","06/23/2022, 04:49:39"
565436851795131,https://facebook.com/565436851795131,563502548655228,"[NAME REDACTED] that's the thing a 1 year old doesn't need a bottle every 2 hours. Yours sleeps all night but at some point when the baby is 8 months and waking every 2-3 hours still for a bottle thats not a need that's a habit. The parents AND the baby need quality sleep. Sleep is just as important as food. As they say ""a sleepy baby won't eat and a hungry baby won't sleep.""","06/23/2022, 09:30:39"
565445395127610,https://facebook.com/565445395127610,563502548655228,"Shanae Pritchett-Field
s 💁🏽‍♀️ then hes not waking for a bottle is he🙈, mine wakes up when he needs something and only then💁🏽‍♀️ soooo","06/23/2022, 09:46:39"
563514965320653,https://facebook.com/563514965320653,563441555327994,Supposedly yes,"06/20/2022, 00:00:00"
564018818603601,https://facebook.com/564018818603601,563441555327994,Depends on age we got told not to do it after 15 months old,"06/21/2022, 00:00:00"
563638658641617,https://facebook.com/563638658641617,563441555327994,"Wait, so no dream feed? We are going on 5 months","06/20/2022, 00:00:00"
563527311986085,https://facebook.com/563527311986085,563441555327994,How to fix this habit 😓😓,"06/20/2022, 00:00:00"
563742291964587,https://facebook.com/563742291964587,563441555327994,"Don't you eat a snack or drink something before you go to bed?? Dang, y'all too worried about stuff!!","06/20/2022, 00:00:00"
563750415297108,https://facebook.com/563750415297108,563742291964587,"[NAME REDACTED] actually, it’s not. It’s a valid question.

I interpreted it as something I’ve spoken to my pediatrician about.

People SHOULD be worried about stuff, big or small, in regards to their children.","06/20/2022, 00:00:00"
563781218627361,https://facebook.com/563781218627361,563742291964587,"[NAME REDACTED] didn't mean any disrespect at all I am a firm believer that mothers to do with a field best for their own children. I am however, a very seasoned mother and I know from experience what I'm talking about. That worked for me maybe not for you. Good luck!!","06/20/2022, 00:00:00"
563782355293914,https://facebook.com/563782355293914,563742291964587,"[NAME REDACTED] no, it was the “dang y’all too worried about stuff” part. Let mother’s be worried about stuff. It was such a terrible attitude to have especially for someone reaching out for help.","06/20/2022, 00:00:00"
563783278627155,https://facebook.com/563783278627155,563742291964587,"[NAME REDACTED] again I feel people have become overly sensitive and cannot take something that's not super duper polite. I promise you a year from now, maybe even a couple of months from now, you're not even going to be worried about this and I feel like people spend a lot of time stressing and worrying over things, instead of letting stuff happen naturally. How in the world do you think all of our mothers and grandmothers raised us without Google in the internet for every little bump that you hit on the road of Parenthood?","06/20/2022, 00:00:00"
563801685291981,https://facebook.com/563801685291981,563742291964587,[NAME REDACTED] so why did you join this group then?!,"06/20/2022, 00:00:00"
563802468625236,https://facebook.com/563802468625236,563742291964587,"[NAME REDACTED] babe, this group is all about help for issues big and small. All mom’s should be happy to help lmfao.","06/20/2022, 00:00:00"
563600058645477,https://facebook.com/563600058645477,563441555327994,Nope,"06/20/2022, 00:00:00"
563930831945733,https://facebook.com/563930831945733,563441555327994,No,"06/20/2022, 00:00:00"
563530305319119,https://facebook.com/563530305319119,563441555327994,F,"06/20/2022, 00:00:00"
563615705310579,https://facebook.com/563615705310579,563441555327994,No,"06/20/2022, 00:00:00"
563560191982797,https://facebook.com/563560191982797,563441555327994,No,"06/20/2022, 00:00:00"
563594391979377,https://facebook.com/563594391979377,563441555327994,I think its a bad habit because my baby woke up 5 or 6 times to eat last night 😀 maybe it's a growth spurt but still,"06/20/2022, 00:00:00"
564173015254848,https://facebook.com/564173015254848,563441555327994,No ♥️,"06/21/2022, 00:00:00"
563535718651911,https://facebook.com/563535718651911,563441555327994,"If that’s what works for you absolutely not! Don’t let anyone Shame you for doing what works for you! It does create a reliance, and your baby will want that comfort. But your baby will only be a baby for so long. Give them that comfort if you want to. There’s nothing wrong with making babe feel safe ❤️","06/20/2022, 00:00:00"
563915731947243,https://facebook.com/563915731947243,563441555327994,Yes,"06/20/2022, 00:00:00"
564328411905975,https://facebook.com/564328411905975,563441555327994,[NAME REDACTED],"06/21/2022, 00:00:00"
563500895322060,https://facebook.com/563500895322060,563441555327994,I feed a bottle every night before bed but I don’t “feed her to sleep” I sooth her to sleep patting her back.,"06/20/2022, 00:00:00"
563687201970096,https://facebook.com/563687201970096,563441555327994,"No, not when they are young.","06/20/2022, 00:00:00"
563545255317624,https://facebook.com/563545255317624,563441555327994,"No mama [NAME REDACTED], it all depends on babies age. I would encourage you to join a free sleep seminar i joined where they teach you all about baby sleep what is correct and what can affect their sleep. The regressions to come and much more. If you would like more information about it let me know!","06/20/2022, 00:00:00"
563613435310806,https://facebook.com/563613435310806,563441555327994,Micaela Marnies,"06/20/2022, 00:00:00"
