﻿id,url,reply_to,text,time
564832678522215,https://m.facebook.com/groups/babysleeptrainingtips/permalink/564832678522215/,,"Hi everyone, from 🇧🇪
I'm currently trying the Feber method but I can't take it any longer.
My baby 11weeks haven't sleep since this morning. I know she is overtired but each time I'm picking her from her crib she'll stop crying and directly groggy.
I have been in a room many time in the past two hours (first only for talking to her and after 3 times picked her up) and now it is time to feed again but she will fall asleep as soon as she will end eating.
Is there anything else working than CIO? Because she can't fight for sleeping until next feeding each time and only sleep in my arms.
The pediatrician said to let her cry but it is now 2h and she haven't stop once.
I'm afraid because as many as she is crying she is choking..
There is no sign of gas or colic.","06/22/2022, 10:32:02"
564854821853334,https://facebook.com/564854821853334,564832678522215,"Probably just wants some extra cuddles and time with momma! Enjoy these moments I know it sometimes feels overwhelming because you have a list of other things to do. But those things can wait, baby just wants to feel her momma! Enjoy those cuddles, you are doing awesome, beautiful girl! 😍","06/22/2022, 11:51:04"
564945808510902,https://facebook.com/564945808510902,564832678522215,Sleep training before 4 months will absolutely not be successful. Right now it's all about comfort for your baby. Hold her till she falls asleep and set her down... if that wakes her up rub her little face while she is already in her bassinet or crib. Maybe a pacifier to help soothe her... but sleep training won't work at that young of an age,"06/22/2022, 14:51:04"
565009915171158,https://facebook.com/565009915171158,564945808510902,"[NAME REDACTED] sleep training/
trained my bub at 11 weeks and she self settles now in crib and capsule during the day and night. Every baby is different. It can most definitely work.","06/22/2022, 16:51:08"
565012871837529,https://facebook.com/565012871837529,564945808510902,[NAME REDACTED] that's amazing it worked for you. I have gone through many sleep training consults and workshops as there was a time i was interested in possibly helping other moms sleep train as a profession (in the end my heart just was not in it) and have ALWAYS been told to wait till 4 months for multiple different reasons and possible safety concerns. But that's awesome for you and your little one that it worked and there were no negative consequences due to sleep training too early. Good job momma 🥰,"06/22/2022, 17:51:08"
564854928519990,https://facebook.com/564854928519990,564832678522215,"Honestly... a baby that age wants you. All they know is you. They want your comfort. But baby in a wrap. My boy got so heavy so quick so it doesn't work for us anymore. But now when he fights sleep, we get in the stroller and go on a walk. Obviously that doesn't work in the middle of the night. But babies don't know how to soothe themselves at that age. Don't let her cry. Sacrifice doing the dishes, your own sleep, anything and everything and give her comfort. Forget what our world says about them needing to sleep alone and all the time. Let them find comfort in mom's arms. And if all else fails, bring her outside and push her around in a stroller. The fresh air does wonders. Best of luck ❤️ the first like 4 months is very very hard for sleep. Just love on her as much as you can ❤️ you're doing amazing!","06/22/2022, 11:51:04"
564883101850506,https://facebook.com/564883101850506,564832678522215,"Trust you mommy instinct. I did a version of Ferber at 7 months after she went from 1 wake at night to several 😵‍💫😵‍💫😵‍💫. She responded to it instantly… meaning day two and on was back to either sleeping through the night 7-6 or just one wake up.
We have a set start time for night time routine.
Then we focused on set wake up time (6am…. Yes early but four day care days she needs to be up by then). After we set the wake up time we focused on set nap time for the first nap time. We now have a child that goes down without much push back. Her body starts to learn when to produce melatonin.

I suggest focusing on set go down at night and get up.

Our schedule progressively was made over her 5 months.

You are doing great. Never stop trying something new. Every child needs something different.","06/22/2022, 12:51:04"
564883291850487,https://facebook.com/564883291850487,564832678522215,"She is definitely too young for sleep training !
2 hours of crying it’s your signal that she is not ready for this.
The first 3 months are knows as the fourth trimester and you can’t spoil a baby that young.
At this age she doesn’t have the concept of self soothing and you have to help her sleep.
Of course, there will always be exceptions and babies that sleep without issue on their on, but those are not very common.
I would suggest you wait until at least 4 months.
I know that it’s recommended to start sleep training at 4-6 months, because if they are too young, babies don’t have the self soothing button.","06/22/2022, 12:51:04"
564909548514528,https://facebook.com/564909548514528,564883291850487,[NAME REDACTED] I agree she is too young for sleep training!,"06/22/2022, 13:51:08"
564910445181105,https://facebook.com/564910445181105,564883291850487,she is going to develop an attachment style and this is the time she is beginning to form the concept of trust in it’s very basic psychological concept: trusting the individuals to take care of her basic and very primitive needs.,"06/22/2022, 13:51:08"
564854591853357,https://facebook.com/564854591853357,564832678522215,"Just hold her, feed her…anything she needs. She’s too little. She just wants her mumma x","06/22/2022, 11:51:04"
564892741849542,https://facebook.com/564892741849542,564854591853357,[NAME REDACTED] my 7 weeks old baby does the same. Almost every hour that he needs to be feed.,"06/22/2022, 12:51:09"
565082948497188,https://facebook.com/565082948497188,564832678522215,Hold her girl. They grow up to fast. You will miss those day in which she wants you by her side all the time. Hold her. Life is to short!,"06/22/2022, 20:51:04"
564914465180703,https://facebook.com/564914465180703,564832678522215,"Way to young for sleep training and cry it out. They don’t understand that at this age. Sleep training isn’t effective until 5 months when they can connect sleep cycles. It will get easier!! But for now, just enjoy the cuddles and try to teach babe to fall asleep independently to lay a sleep foundation. Good luck!","06/22/2022, 13:51:04"
564849741853842,https://facebook.com/564849741853842,564832678522215,Saw this the other day and broke my heart letting my baby cry...she needs me...,"06/22/2022, 11:51:04"
564851628520320,https://facebook.com/564851628520320,564849741853842,[NAME REDACTED] same here. I think that she is so in need of me. I'm usually not letting her cry for that long and always having her head next to my heart so she now she safe with me. And most of the time I enjoy having her with me. But I'll start working again soon and I want her to be ready for this step.,"06/22/2022, 11:51:10"
564853128520170,https://facebook.com/564853128520170,564849741853842,[NAME REDACTED] I love this so much. Everyone said this to me too and I don’t care. My baby girl is 3 months old and I’ll hold her all day if I please. 😂,"06/22/2022, 11:51:10"
564854278520055,https://facebook.com/564854278520055,564849741853842,"[NAME REDACTED] we are 4months now and for naps, we both sleep on the floor. We have a makeshift play area with mat and extra padding of duvet (no extra mattress). Try that. Ours cry a bit but I make sure I touch her hair and legs to make her feel I am beside her. Then after 30min she sleeps. I just put my old clothes beside her(for the smell) and walk away to do house chores. My husband tries the same without me. It takes time but doable.","06/22/2022, 11:51:10"
564860385186111,https://facebook.com/564860385186111,564849741853842,[NAME REDACTED] yes even when someone wants to held her I'm not giving her each time. I feel like a separation and I miss her even for 30min 😅,"06/22/2022, 11:51:10"
564863605185789,https://facebook.com/564863605185789,564849741853842,[NAME REDACTED] mines is almost 7 months and I’ll hold her till she won’t let me hold her anymore!😂,"06/22/2022, 11:51:10"
565208378484645,https://facebook.com/565208378484645,564849741853842,[NAME REDACTED] mine is 7months too and he does the same 😂😂 he will literally start pushing and kicking me till I put him in his bed and he falls asleep 😂😂😂,"06/23/2022, 01:51:10"
564852131853603,https://facebook.com/564852131853603,564832678522215,"I held and rocked my son to sleep for every nap and bed time until he was 5 months old! We finally laid him down in his bed by himself one night and put himself to sleep. Your babies are only young enough to hold and cuddle for so long, so take advantage of it. They will let you know when they are ready to do things on their own. They need and want you especially this young.","06/22/2022, 11:51:04"
564850698520413,https://facebook.com/564850698520413,564832678522215,I would feed her so she can go to sleep and relax. Let her have a good nap and once she’s up keep track of her wake period and try and get her down 20 minutes before the end of the period. At this age sometimes they need that comfort to sleep not all the time but sometimes they need a snuggle! It doesn’t create a bad habit,"06/22/2022, 11:51:04"
565374365134713,https://facebook.com/565374365134713,564832678522215,"Hey lovely Mama! You don’t have to CIO.. you know your baby better than the paediatrician! When you pick her up she immediately calms… so go with your gut and cuddle her, snuggle her, and let her sleep in your arms. We are made for connection. Babies do not know how to self regulate, that’s why she won’t calm down when left in crib to cry it out. We have to help them self regulate… human touch is what babies understand, so go with your gut mama. If you reach out I can send you the Instagram handles of some amazing sleep experts who work with healthy sleep routines while supporting the development of that most important emotional bond we develop through holding our children. I have a masters degree in child development, and I’m a mama myslef💕💕","06/23/2022, 07:51:04"
565377341801082,https://facebook.com/565377341801082,564832678522215,"They always want to be so close to there Moms....Mine is 7 weeks but when she does this,I pick her up and put her in my chest,she stops crying and falls asleep,then slowly put her down","06/23/2022, 07:51:04"
564850178520465,https://facebook.com/564850178520465,564832678522215,Stop letting that poor baby cry. Baby is too young for the cry it out method. Baby is crying for so long because she is feeling abandoned. Hold her cuddle her. Being a mom to a young baby means less sleep for mom. It is a sacrifice. Try laying down next to her until shes in a deep sleep. She spent 9 months being cuddled in your belly and 11 weeks is too soon to be ok without you. Please. Please don't let her cry.,"06/22/2022, 11:51:04"
564853791853437,https://facebook.com/564853791853437,564850178520465,"[NAME REDACTED] it was not a full time crying, I went into her room, took her from her crib, rocking her until she was almost asleep but I was completely confused because I don't want her to cry, of course I hate that but lot of people are telling me that she'll never be able to sleep on her own if I'm not starting somewhere... I don't care not having good sleep if she is ok. It is all that matters for me...","06/22/2022, 11:51:11"
564855368519946,https://facebook.com/564855368519946,564850178520465,"[NAME REDACTED] she will sleep. I have 2 older kids who sleep AMAZINGLY well in their bed each night and can happily go to bed by themselves if I need them too and I hve AWAYS responded to their needs. Our children need us, there is nothing wrong with that x","06/22/2022, 11:51:11"
564855755186574,https://facebook.com/564855755186574,564850178520465,"[NAME REDACTED] my daughter is 14 months and until last week, she had to be held or rocked to sleep. We thought oh no!! Now, after 2 nights of saying goodnight and lying her down every 2 minutes and leaving ( not letting her cry for hours) we did this for about an hour, for 2 nights and she now puts herself to sleep. Its not forever. Those 14 months were tiring, but went so quick. Cuddle and soothe her. The world is a scary place for them. You got this x","06/22/2022, 11:51:11"
564868381851978,https://facebook.com/564868381851978,564850178520465,[NAME REDACTED] this comment is everything!!! Exactly what she said!!! Being a mother is not easy. It means sacrifice !!! Your baby didn’t wanna come in this world it was you who wanted to have the baby!,"06/22/2022, 11:51:11"
564868865185263,https://facebook.com/564868865185263,564850178520465,"[NAME REDACTED] When baby is not ready, all kind of training will be failed. You tried and it didn't work because she is not ready. Don't listen what others say. You are her mom and you know the best of her. Every baby is different, some could sleep by themselves earlier others later.","06/22/2022, 11:51:11"
565013208504162,https://facebook.com/565013208504162,564850178520465,[NAME REDACTED] you got this momma,"06/22/2022, 17:51:11"
565149521823864,https://facebook.com/565149521823864,564832678522215,Please don't let this child cry for 2 hours. To young to sleep train also. 9 months in and only 11 weeks out. Baby needs to be close to you. This too shall pass so quickly. 💕❤️,"06/22/2022, 22:51:04"
565158655156284,https://facebook.com/565158655156284,564832678522215,That baby is 11 weeks old! Love on her as much as possible! Don't listen to ppl & give her cuddles. They love to be loved on,"06/22/2022, 23:51:04"
564852218520261,https://facebook.com/564852218520261,564832678522215,"Like others have said, 11 weeks is too young. They don’t have the capacity to try and “self soothe”. Wait until closer to 6 months. For now, rock/feed/
cuddle do whatever your baby needs. I’m there rn and it’s hard, just have to power through. We were up for almost 3 hours last night bc my girl was overtired and wouldn’t sleep. Im exhausted, but just need to get through. I don’t have much help rn either. Cosleep, feed to sleep, do whatever you need to do to get some rest. I have my girl napping on me and we are about to go cuddle in my bed bc my body is so weak from the lack of sleep.","06/22/2022, 11:51:04"
564889451849871,https://facebook.com/564889451849871,564832678522215,I think she might be too young for sleep training. She just wanted your snuggles and that extra security and getting to know you right now. Snuggle up with her and enjoy her coos and love right now,"06/22/2022, 12:51:04"
564875988517884,https://facebook.com/564875988517884,564832678522215,"Your baby is young, don't worry about Ferber or anything else right now. Do what feels right for you and your baby. Cuddles, eating, falling asleep in your arms. Whatever works.","06/22/2022, 12:51:04"
564955795176570,https://facebook.com/564955795176570,564832678522215,I think your baby needs to feel safe and comforted in your arms right now. 2 hours of crying at 11 weeks is excessive,"06/22/2022, 14:51:04"
564858105186339,https://facebook.com/564858105186339,564832678522215,"No judgment but 11 weeks is too early for sleep training .. usually not recommended until at least 4 months. Your baby still has to learn to fall asleep. Get some rest with her, she needs you 😘❤️","06/22/2022, 11:51:04"
564897485182401,https://facebook.com/564897485182401,564832678522215,"Please don't do this to your child..Try to find another pediatrician!! She needs you.. Don't let her feel that ""mom isn't here when I desperately need her, I'm alone..""","06/22/2022, 12:51:04"
565012521837564,https://facebook.com/565012521837564,564832678522215,Comfort that sweet baby. Too young for CIO. Babies aren’t meant to sleep through the night.,"06/22/2022, 17:51:04"
565017561837060,https://facebook.com/565017561837060,565012521837564,[NAME REDACTED] 🤣 alot of babies sleep through the night my daughter has been sleeping through the night since she was 4 weeks old. And she gaining weight like she supposed to,"06/22/2022, 17:51:12"
565027795169370,https://facebook.com/565027795169370,565012521837564,[NAME REDACTED] yes they can but if they don’t that’s still normal.,"06/22/2022, 17:51:12"
565028055169344,https://facebook.com/565028055169344,565012521837564,[NAME REDACTED] well yeah it's still normal but gotta try to get baby on a sleep schedule,"06/22/2022, 17:51:12"
565029728502510,https://facebook.com/565029728502510,565012521837564,"Yes, Trying to get them on a schedule is a great idea.","06/22/2022, 17:51:12"
564845201854296,https://facebook.com/564845201854296,564832678522215,"Personally I am not against the Ferber method. But I think she is WAY too young to try. Especially letting the crying go for 2 hours. I know everyone is against it, but I co-sleep and ever since I’ve started not only was it way easier with breast feeding, I was also getting WAY more sleep as well. Good luck!","06/22/2022, 11:51:04"
565003555171794,https://facebook.com/565003555171794,564845201854296,[NAME REDACTED] I co-sleep too...,"06/22/2022, 16:51:12"
564860235186126,https://facebook.com/564860235186126,564832678522215,"Crib side soothing. A tiny little jiggle and shushing sound. Teaches them to self soothe IN the crib so when they wake up after a sleep cycle they'll be right where they fell asleep. If you put her down ""drowsy"" with slow blinks or eyes rolling it's already light sleep! We hired a sleep consultant that coached us through and best money ever spent.","06/22/2022, 11:51:04"
564874685184681,https://facebook.com/564874685184681,564832678522215,My daughter is 10 months and if I let her cry it out she starts to huff and puff for like hour after I finally give and hold her and get her to sleep. She gets so worked up. She likes your comfort and that’s what she wants that’s okay,"06/22/2022, 11:51:04"
564865128518970,https://facebook.com/564865128518970,564832678522215,"I sincerely thank all of you because I realized that I was right not to let her. First and last time I'm doing this until we both be ready for it.
I'm feeling so bad letting her feel unsafe so long. Now she is asleep on my arms and my turn to cry.
I needed you ❤️
Thank you from me and Erena","06/22/2022, 11:51:04"
564877435184406,https://facebook.com/564877435184406,564865128518970,"[NAME REDACTED] Your doing amazing! It’s hard when your being told what you should and shouldn’t be doing all of the time! You didn’t know💕 Dont beat yourself up! I am first time mom.. I started cosleeping with my boy because that’s the only way we both got sleep! I stopped listening to what others said and started doing what worked for him and I! He is turning 6 months today and I can tell that it’s time to start working on him going in his crib! His crib is in my room so it also makes me feel better, as I have gotten so used to sleeping with him.. I don’t want to let it go however he is now old enough to start allowing him to learn how to self sooth!!! You know your baby more than anyone! You will figure out what works best! I am proud of you💕💕","06/22/2022, 12:51:13"
564889031849913,https://facebook.com/564889031849913,564865128518970,"[NAME REDACTED] stay strong mama, its not easy, but it does pass, and trust me once the phase is over you will miss it so so much, so just keep it chill and just do you. You and your lil precious princess are doing amazing ❤️","06/22/2022, 12:51:13"
565343401804476,https://facebook.com/565343401804476,564865128518970,"[NAME REDACTED] you don’t need to be upset, you have reached out for help because you love and care about her…making you a GOOD mum. You don’t always have to get it right or know best to be a good mum. You saw she was struggling, and you fixed it. Hope all goes well, don’t be hard on yourself❤️","06/23/2022, 06:51:13"
565344455137704,https://facebook.com/565344455137704,564865128518970,"[NAME REDACTED] she won’t remember either, just keep holding and enjoying your bubba🥰 I hold my girl most of the day and have her sleep next to me, it is how she is most relaxed. Young babies don’t understand they are a separate person from their mum, so most will struggle to settle without ‘the other half of them’ so to speak x","06/23/2022, 06:51:13"
565011991837617,https://facebook.com/565011991837617,564832678522215,11 weeks is way too early. You need to wait until at least 4 months. That baby is too little to be doing the Ferber method. Give her extra loving ❤️,"06/22/2022, 17:51:04"
564928735179276,https://facebook.com/564928735179276,564832678522215,"Hold that baby mama, she just needs you. It's hard but babies are hard. She'll figure out sleeping soon enough I promise. The first year is hard but goes by so fast and before you know it they're walking 😭 good luck ❤️","06/22/2022, 13:51:04"
564862235185926,https://facebook.com/564862235185926,564832678522215,"The first 3 months are called the 4th trimester because during this period the baby is adjusting to the outside world and still needs her mom for everything, including to help falling asleep.
Even Richard Ferber, who gave the name to the sleep training method, says that he recommends starting to sleep train not earlier than 4-5 months.
Hang in there and give your baby all the love and tender she needs at the moment, sleep training is for later. 🤗","06/22/2022, 11:51:04"
564892131849603,https://facebook.com/564892131849603,564832678522215,She’s to little for Ferber that’s usually not until 5 months. Check out taking Cara babies she was a life saver for me,"06/22/2022, 12:51:05"
564944271844389,https://facebook.com/564944271844389,564832678522215,She’s too young for sleep training🥺. She still needs to eat throughout the night at this age. Please consult with your pediatrician. Please look into how detrimental it is to do it too early,"06/22/2022, 14:51:05"
565037248501758,https://facebook.com/565037248501758,564944271844389,[NAME REDACTED] I think she said her pediatrician told her to let her baby cry. Crazy too young,"06/22/2022, 18:51:14"
565037448501738,https://facebook.com/565037448501738,564944271844389,[NAME REDACTED] that poor baby! WAY too young!,"06/22/2022, 18:51:14"
565344895137660,https://facebook.com/565344895137660,564832678522215,"Too young for the Ferber method. But it will work in a few months:) meanwhile, a lot of cuddles and kisses and the marsupial for getting things done! Its going to be ok ❤️","06/23/2022, 06:51:05"
564890135183136,https://facebook.com/564890135183136,564832678522215,"My daughter slept with me until 6 1/2 months old, then we put her in her own bed and we were so nervous but it worked perfectly! It may not be her time now, but one day will come. Get the snuggles when you can because now my 7 month old will not sleep in my arms at all ☹️","06/22/2022, 12:51:05"
565090805163069,https://facebook.com/565090805163069,564832678522215,"They say 9 months in, 9 months out. Extra cuddles! I let my baby girl sleep on me when she’s over tired and even tho I have a million other things to do, these times will pass and she’ll let me know when she’s ready for crib, etc.","06/22/2022, 20:51:05"
565008275171322,https://facebook.com/565008275171322,564832678522215,"11 weeks is far too young for cry it out. My pediatrician said sleep training should not start until 6 months earliest. My little
Guy would not sleep alone in his crib until 7 months we were co sleeping and that provided a decent nights rest for all. I know it’s hard, hang in there it gets better!!","06/22/2022, 16:51:05"
564882585183891,https://facebook.com/564882585183891,564832678522215,"Honey, just hold her rock her to sleep do anything that fits her and makes her fall asleep,
Make her feel safe and happy to want to sleep. I was also worried about varying and rocking my baby to sleep at first but then he had covid at 4 months and he was very fussy and didn't wanted to sleep unless he was held close to he or I cradle him. Amazingly after that 1 week of cradling and holding he now sleeps perfectly, I just feed him he gets Drowsy, I put him down to bed, pet him awhile at the back or bum and his out within 5 mins, and during that time I'll always reassure him ill be right beside him, and he will wake up with me still beside him, so every morning I wake up to a very happy cheerful baby with the biggest Grin looking at me and waiting for me to carry him. They just want to be safe, and don't let anyone tell you otherwise ❤️ stay strong mama, and just do what you think is most comfortable for you, what works for me might not work for you, but I'm just here to say, it does get better. 💪","06/22/2022, 12:51:05"
565335745138575,https://facebook.com/565335745138575,564832678522215,Personaly she is abit young for that method tbh she needs lots of cuddles at that age,"06/23/2022, 06:51:05"
565264358479047,https://facebook.com/565264358479047,564832678522215,She just wants you mommy. Her crying 2 hours is a big red flag that she may not be ready for sleep training. She’s overly tired now. And I know your exhausted too! At 11 weeks my guy was still getting up every 3-4 hours and downing 8-12oz at a time. Even now some nights like tonight at 9 months old he gets into a weird funk and will not sleep unless he’s snuggling beside me. I never really sleep on these nights I kinda just watch him sleep and kiss his head. Chances are he’s gonna be my only child. As exhausted as I am as long as he’s sleeping I’m ok with not. Motherhood is brutal.,"06/23/2022, 03:51:05"
564882015183948,https://facebook.com/564882015183948,564832678522215,I take my son outside for a few minutes rather it’s 5 or 20 minutes before a nap time. It really helps him fall a sleep. The calmness and the fresh air. Also maybe check out what wake windows are for LO sleeping. That also has help me so much with nap times and feedings.,"06/22/2022, 12:51:05"
564848141854002,https://facebook.com/564848141854002,564832678522215,"It’s too early for the Ferber method, experts say they are developmentally
ready around 4 or 5 months. I would try the pick up put down method. When she cries pick her up calm her down and wait about 30-40 seconds before putting her back in the crib. Then repeat until she is asleep. She’s probably over tired now as you said so I would give her some snuggles and try the pick up put down method or do a nap in your arms and try again for the next nap after she is well rested. So sorry mama! It’s hard hearing your baby cry sending love and support. ❤️","06/22/2022, 11:51:05"
564847155187434,https://facebook.com/564847155187434,564832678522215,This is mostly like a growth spurt or growing pain! Mine did this around same time especially when he was trying to reach a milestone he does this every time,"06/22/2022, 11:51:05"
565340591804757,https://facebook.com/565340591804757,564832678522215,"Just hold her, she needs you. They will get more confident to be put down in time but not straight away. You can’t over cuddle, especially that small ❤️","06/23/2022, 06:51:05"
564859508519532,https://facebook.com/564859508519532,564832678522215,She’s too young to cry it out. Bad for her and that’s why you’re having a hard time too because your instincts are telling you this isn’t right. Don’t listen to other people YOU are mama!!! You can feel what’s best. ♥️ love on her as much as you need to,"06/22/2022, 11:51:05"
564890031849813,https://facebook.com/564890031849813,564832678522215,Let her sleep in your arms :) she spent 9 months inside of your belly hehe I did that to my daughter and she is amazing 😍 It was weird for me in the first month if I wasn't holding her to sleep,"06/22/2022, 12:51:05"
564940071844809,https://facebook.com/564940071844809,564832678522215,"She is too young for sleep training. Try to start laying a good sleep foundation. Bed time Routine , appropriate wake windows, and practice at least one nap a day in her crib but I would not focus on sleep training at this point.","06/22/2022, 14:51:05"
564899145182235,https://facebook.com/564899145182235,564832678522215,"I carried my baby around in a carrier wrap for the first 4 months of life. Sleep training especially for naps is for older babies. I only started trying to put him in his crib for naps at 5 months after he had fell into more of a pattern at 4 ish months. Then i did night sleep training at 9 months- took to it in 2 days. And we are just starting to get into a method with 2 naps a day.
Their schedules and needs change so frequently that i wouldnt try to sleep train for naps until theyre down to 2 naps a day on a more routine schedule with bottles/solid foods and sleep.

Definitely just practice good habits like after baby falls asleep try putting her down in her sleep space if you want that ability to do things independantly.","06/22/2022, 12:51:05"
565127548492728,https://facebook.com/565127548492728,564832678522215,Your pediatrician will let you know when sleep training is appropriate. Mine mentioned it at my sons 6 month appt. You can always call and ask too! 😊,"06/22/2022, 21:51:05"
564852691853547,https://facebook.com/564852691853547,564832678522215,Your baby is too young for the Ferber method!,"06/22/2022, 11:51:05"
565007018504781,https://facebook.com/565007018504781,564832678522215,"I don't know but as soon as my baby opens his mouth to cry I quickly pick him up 🥺During the day I like taking a nap with him on my chest and propysrkf with a big pillow,he's my first and I'm definitely not missing out on this beautiful bond,please don't let baby cry for too long,she's still small and not used to the world","06/22/2022, 16:51:05"
565001648505318,https://facebook.com/565001648505318,564832678522215,"Baby calming music, it works with mine","06/22/2022, 16:51:05"
565055815166568,https://facebook.com/565055815166568,564832678522215,She's too young for sleep training 🥺 I know it feels like forever but just have paitence and sleep when she sleeps,"06/22/2022, 19:51:05"
564882958517187,https://facebook.com/564882958517187,564832678522215,Too young for the Ferber method! It shouldn’t be tried until minimum 5 months. They need to eat every 3 hours at this age. Definitely recommend trying to swaddle her that may help muffle the startle reflex so she can fall asleep. Try the halo sleep sacks with the wings,"06/22/2022, 12:51:05"
564976508507832,https://facebook.com/564976508507832,564832678522215,"Your pediatrician is wrong. Please consult a different pediatrician,at
11 weeks baby needs to eat on demand and i promise it is normal for baby to fall asleep right after eating,both my daughter's did this also hon do not do the cio method this early, the earliest you can start cio is 4 months but i would personally start CIO not until 6 months closer to 7 months but im not able to hear my kids cry so i dont do cio but thats just me.","06/22/2022, 15:51:05"
564986531840163,https://facebook.com/564986531840163,564976508507832,[NAME REDACTED] I'm not able to let her cry either. And certainly not ready to let her sleep without me. I'll not go by this method. But first we will find our rythme,"06/22/2022, 15:51:15"
565007578504725,https://facebook.com/565007578504725,564976508507832,[NAME REDACTED] if you need any advice im here you can message me anytime,"06/22/2022, 23:51:15"
564885198516963,https://facebook.com/564885198516963,564832678522215,My baby boy loved to swaddled and held now he's a 1 year old and still wants momma and having a special blanket,"06/22/2022, 12:51:05"
564867115185438,https://facebook.com/564867115185438,564832678522215,"Oh no mama it’s going to be okay ❤️ but she’s too young right now for you to try ferber 😔😔😔 she wants you because she knows no one but you for 10 months 😔 just hang in there
I just started sleep training my son and he’s one.","06/22/2022, 11:51:05"
565032411835575,https://facebook.com/565032411835575,564832678522215,Way too early to be starting that method. ￼11 weeks he still definitely needs the comfort from mama,"06/22/2022, 17:51:05"
564864118519071,https://facebook.com/564864118519071,564832678522215,Not judging but just asking…your pediatrician recommended Ferber at 11 weeks?,"06/22/2022, 11:51:05"
564874071851409,https://facebook.com/564874071851409,564864118519071,[NAME REDACTED] she recommended let her cry... She'll fall asleep she said. And I didn't want to go straight to it. As I've read about going to her every 5 min that's what I've done and once on 3 I hold her and calm her to put her down again. She didn't say Ferber but ' let her cry'...,"06/22/2022, 11:51:16"
564881378517345,https://facebook.com/564881378517345,564832678522215,"I think 11 weeks is little too early for sleep training, but not too early to establish good sleep habits","06/22/2022, 12:51:05"
564894448516038,https://facebook.com/564894448516038,564832678522215,"That's heartbreaking. She is way too young to start sleep training. All she wants is mommy's comfort. She will only start developing bad habits at around 4 months old. Try a comfort blanket by her face or a t-shirt that smells like you. Try lying her on her side with pillows supporting her body so she doesn't roll forward. place the blanket / t-shirt against her face and let her hold it. I've been doing that with my son since he was 6 weeks. He's 4 months now and only sleeps well with his blanket pressed to his face. I check him regularly to make sure he hasn't pushed the blanket over his nose. It's a muslin cloth, but still very cautious. Enjoy her sleeping on you and cuddling you. It will be over and you'll miss it.","06/22/2022, 12:51:05"
564896101849206,https://facebook.com/564896101849206,564894448516038,[NAME REDACTED],"06/22/2022, 12:51:16"
564896265182523,https://facebook.com/564896265182523,564894448516038,[NAME REDACTED] it was really hot two days ago but she love sleeping like this. And she always have her blanket that I'm using for breastfeeding,"06/22/2022, 12:51:16"
564899768515506,https://facebook.com/564899768515506,564894448516038,"She is so beautiful!💕 I miss my son being so small. Its hard to let them cry, I tried it once too and I never did it again and I have enjoyed every moment of him sleeping on me. He's now 4 months and I'm trying not have him on me so much because I don't want bad habits. But I miss it so much.💔 Try enjoy her being so little. You are her safe place.","06/22/2022, 12:51:16"
564879161850900,https://facebook.com/564879161850900,564832678522215,"My baby is 8 months and we co-slept until he was 6 months old when his pedi said he could transition to his own room in a crib. I don’t know if that’s an option for you but you’ll get some much needed sleep. I tried the “gentle cry it out” method checking on him every 10 minutes, rubbing his head or patting his belly/back every check without picking him up. After 2 weeks of no success with that I learned that babies get a boost of energy past 9oclock. I do “bath, book, breast, bed” I have to rock him for about 20-30 minutes and gently put him in his crib. He’s been doing good with that for 2 months and I don’t see him until the next morning. If he does wake he cries for about 5-10 minutes but I let him get comfortable and he puts himself back to sleep. The rocking will be another thing I have to break when he’s older but for now I’m happy and he’s happy.","06/22/2022, 12:51:06"
564879758517507,https://facebook.com/564879758517507,564879161850900,"Your baby is still so little so making sure she’s warm, swaddled, and fed are super important. You just have to find a routine that works best for you and baby ❤️","06/22/2022, 12:51:17"
565201925151957,https://facebook.com/565201925151957,564832678522215,She's too small for sleep training!!! Save yourself and her a broken heart and wait a couple of months more.,"06/23/2022, 00:51:06"
564923021846514,https://facebook.com/564923021846514,564832678522215,"Never sleep train a baby until after 3 months. Just get them into a pattern. The poor baby!!! Shame on that dr! You cannot spoil a newborn. My baby is 5 months and I would never, ever let a dr tell me to just leave him.","06/22/2022, 13:51:06"
564879811850835,https://facebook.com/564879811850835,564832678522215,Such a cutie! She just wants comfort and to be close 🤍 do you use a pacifier??,"06/22/2022, 12:51:06"
564881445184005,https://facebook.com/564881445184005,564879811850835,"[NAME REDACTED] she have one, only for sleep times. When she is fully sleeping she is rejecting it naturally and keep sleeping. I'll continue how I was doing until now until we will both be ready for sleeping apart, napping or night.","06/22/2022, 12:51:18"
564877865184363,https://facebook.com/564877865184363,564832678522215,"Your baby is too young ...i didn't used the feber method until 6..7 months. Watch this video it helped me ..maybe any of this tips will help you :)
https://
youtu.be/
FHzTBWYuV-k","06/22/2022, 12:51:06"
564849301853886,https://facebook.com/564849301853886,564832678522215,"I'd say definitely too young, they normally say to wait until around 6 months to sleep train x","06/22/2022, 11:51:06"
564929355179214,https://facebook.com/564929355179214,564832678522215,"Ferber isn't recommended until at least four months, and that's minimum. Until then, baby can't make connections between the difference of night and day, which is critical for it to work.","06/22/2022, 13:51:06"
564918425180307,https://facebook.com/564918425180307,564832678522215,"Try using a top or clothing with ur sent n if u can warm up her room or swaddle her
My 9 week old I'm currently transition to her cot and having my top has worked
But when she stirs I'll see if she settles byself if she cries I'll reposition her n pat if she's still crying it's cuddles until she falls asleep n back in her cot
It's perseverance but now she naps in the day in her cot 2 hrs straight","06/22/2022, 13:51:06"
564848751853941,https://facebook.com/564848751853941,564832678522215,She’s too little for this method! 💖,"06/22/2022, 11:51:06"
564897451849071,https://facebook.com/564897451849071,564832678522215,My pediatrician said we won't start any sleep training or crying it out until 6 months ish....baby is way too young now,"06/22/2022, 12:51:06"
564871541851662,https://facebook.com/564871541851662,564832678522215,"Anything under 18 weeks babies are cognitively not ready to understand sleep changes or any kind of sleep training. She isn't there yet so gentle practices of calm settles in her crib at this age :)

Beyond The Stars - Jade Sleep Nanny","06/22/2022, 11:51:06"
565315458473937,https://facebook.com/565315458473937,564832678522215,"I’m not sure what the pediatricians in Germany advise, but the consensus in the US is that 11 weeks is extremely early for any type of sleep training. It’s totally normal for baby to wake up throughout the night at this age. Ferber really isn’t meant for young babies. It’s meant for babies around 6 months +. Take a look at how long she’s awake during the day between each nap. Limit naps to 2 hours at a time. Feed every 2-2.5 hours or on demand if that’s more often.","06/23/2022, 05:51:06"
565228065149343,https://facebook.com/565228065149343,564832678522215,"Couldn't let my baby cry this long, like everyone's saying your babys too young!","06/23/2022, 01:51:06"
564847908520692,https://facebook.com/564847908520692,564832678522215,Too young lovely,"06/22/2022, 11:51:06"
565388228466660,https://facebook.com/565388228466660,564832678522215,"11 weeks?🤯

It is recommended that babies be at least 6 MONTHS","06/23/2022, 08:51:06"
565438778461605,https://facebook.com/565438778461605,565388228466660,[NAME REDACTED] right?! I was shocked by that too!,"06/23/2022, 09:33:18"
564891581849658,https://facebook.com/564891581849658,564832678522215,"Hello, my 7 weeks old almost 8 weeks baby does the same and I don’t know what to do. Btw I live also in Belgium 🇧🇪","06/22/2022, 12:51:06"
564894445182705,https://facebook.com/564894445182705,564891581849658,"[NAME REDACTED] when she was 7-8 I know most of the time it was because of colic, we took mama natura coli and give her 3 drops before feeding and everyday fennel infusion, it helps her a lot to go through the colic. But I'm sure now that she wasn't ready to sleep on her own neither than me. I'll let her sleep in my arms everytime she needs. We are co sleeping so the nights are good. The day she isn't sleeping enough but she is most of the time happy baby smiling a lot and crying only for feed or nap","06/22/2022, 12:51:19"
564909081847908,https://facebook.com/564909081847908,564891581849658,We started giving him omeprazole two weeks ago and tomorrow we need to go back again to the hospital for control.,"06/22/2022, 13:51:19"
564944361844380,https://facebook.com/564944361844380,564832678522215,I think 11 weeks may be to early but that's just what I gather from being in this group.,"06/22/2022, 14:51:06"
564889838516499,https://facebook.com/564889838516499,564832678522215,I think she's too young. ! She just wants her mommy,"06/22/2022, 12:51:06"
564866028518880,https://facebook.com/564866028518880,564832678522215,11 weeks old is not ready for Ferber and I belive there is a chart to follow if you Google it goes from 5 mins to 10 to 15 etc and that's in the span of days not 1 day if it's not night time either I wouldn't be trying to encourage Ferber for day time,"06/22/2022, 11:51:06"
564843701854446,https://facebook.com/564843701854446,564832678522215,I would say that she’s too young for Ferber- have you looked at shush pat method?,"06/22/2022, 11:51:06"
564845361854280,https://facebook.com/564845361854280,564843701854446,[NAME REDACTED] agree. Too young,"06/22/2022, 11:51:20"
564848801853936,https://facebook.com/564848801853936,564843701854446,"[NAME REDACTED] I didn't know that. I'm going to read about it. For me it was too young but my pediatrician said she should be able to sleep by herself now and to try to let her cry. Everyone said that and I'm against it. For me it is not specifically a good thing but she is only falling asleep in my arms (not specially feeding but walking and rocking is working) I'm starting work again in a month and I need better sleep.
I'm still cosleep with her. The nights are not so bad but during the day I cannot do anything without her into my arms...","06/22/2022, 11:51:20"
564852801853536,https://facebook.com/564852801853536,564843701854446,[NAME REDACTED] try a baby carrier. I know you want to cook and clean and it's frustrating when baby does not want to be put down. My little guy is three months and finally takes good naps in the day. Maybe have family or friends come over to help with house work. If not just do what you can but right now just focus on baby hugs and kisses. Eventually she will sleep better for you so you can put her down,"06/22/2022, 11:51:20"
564853511853465,https://facebook.com/564853511853465,564843701854446,[NAME REDACTED] maybe get a wrap and try wearing her? We do this when our baby won’t fall asleep and is overtired,"06/22/2022, 11:51:20"
564854871853329,https://facebook.com/564854871853329,564843701854446,[NAME REDACTED] have it as well. She'll fall asleep in 10-15min max but when I'll put her out of it she'll awake directly...,"06/22/2022, 11:51:20"
564857528519730,https://facebook.com/564857528519730,564843701854446,"[NAME REDACTED] my baby is the same. But we figured early enough that he has acid reflux so sitting on his back really makes him uncomfortable. The fisher-price swing really saved us for naps. He enjoys it and it's pretty comfortable. Also keeps his reflux a bit controlled. We use the swing only supervised during the day, not for night sleep. For his bedtime, we use the magic suit and he finally sleeps in a basinette. But we had to put a 12° inclined pillow. Because of the suit, and the fact that he can't really turn over, it feels safe with that pillow. This worked for us. And some days are better than others. Please don't let your baby cry. He is too young.","06/22/2022, 11:51:20"
565141658491317,https://facebook.com/565141658491317,564832678522215,Too young for sleep training. @ 11 weeks just go with her natural schedule. It will get better.,"06/22/2022, 22:51:06"
564895591849257,https://facebook.com/564895591849257,564832678522215,That may be to young to start the Ferber or cry it out method,"06/22/2022, 12:51:06"
564852641853552,https://facebook.com/564852641853552,564832678522215,"Is like to share what I did with my baby - he’s 6 months, nearly 7 months.

Since he came home with me I go to him whenever he cries, every single time. If I hear him making an upset sound I go there straight away, no matter how many times I have to go! To me, by doing this I’m reassuring my baby that mama will always be there if he’s upset and that mama will come. Since 3 months or so he’s been a delight to us! I think because I always went back to him no matter what he felt a sense of safety and security to know that he’s never going to be alone. To begin with it was extremely tedious and exhausting I’ll be honest but now He’s learnt that no matter what mama will come. I’ve watched him in the mornings and he’ll wake up 1hr before he wants to actually get up. I know this because he spends an hour playing with himself and then he begins to make some sounds.","06/22/2022, 11:51:06"
564924605179689,https://facebook.com/564924605179689,564832678522215,"May not be ready to sleep train yet, and could be sleep regression!","06/22/2022, 13:51:06"
564854668520016,https://facebook.com/564854668520016,564832678522215,11 weeks is too early to learn anything,"06/22/2022, 11:51:06"
564864335185716,https://facebook.com/564864335185716,564832678522215,I know it’s hard but that’s just too young to sleep train.. just do what you can and sleep any chance you get,"06/22/2022, 11:51:06"
564877721851044,https://facebook.com/564877721851044,564832678522215,Way too young to do Ferber… I would wait until 6 months,"06/22/2022, 12:51:06"
564905005181649,https://facebook.com/564905005181649,564832678522215,Don't do it. Cuddle loads and maybe reset in a month or 2,"06/22/2022, 12:51:06"
565041031834713,https://facebook.com/565041031834713,564832678522215,Baby needs to be supported to learm how to fall asleep and resettle . 4 months is the age for recommended sleep training . Pm for more info,"06/22/2022, 18:51:06"
564971411841675,https://facebook.com/564971411841675,564832678522215,Don't try to Ferber or cio until baby is 6 months old. She is far to young for this.,"06/22/2022, 15:51:06"
565043528501130,https://facebook.com/565043528501130,564832678522215,You are so mean.,"06/22/2022, 18:51:07"
564989248506558,https://facebook.com/564989248506558,564832678522215,11 weeks is way too young,"06/22/2022, 16:51:07"
565019628503520,https://facebook.com/565019628503520,564832678522215,Way too young,"06/22/2022, 17:51:07"
564936981845118,https://facebook.com/564936981845118,564832678522215,Way too early to Ferber 😳,"06/22/2022, 14:51:07"
564938105178339,https://facebook.com/564938105178339,564832678522215,Try the mom’s on call Kali let him cry it out for about five minutes,"06/22/2022, 14:51:07"
564871845184965,https://facebook.com/564871845184965,564832678522215,11 weeks is too small!,"06/22/2022, 11:51:07"
564919851846831,https://facebook.com/564919851846831,564832678522215,"Bonjour Astrid,

Je ne pense pas que vous parliez le néerlandais, alors je vais faire de mon mieux en français. Egalement une maman belge ici !

J'ai lu le livre ""sleep baby sleep"", dans lequel l'apprentissage
du sommeil commence dès l'âge de 6 semaines, bien qu'il s'agisse surtout de mettre en place des habitudes de sommeil saines. Vous faites 1 sieste le matin et 1 l'après-midi dans le berceau dans une pièce sombre, le reste des siestes pendant la journée dans un environnement léger et sonore (porte-bébé, poussette, parc,...). Pendant la journée, vous donnez à manger toutes les 3 heures et la nuit à la demande, mais en offrant suffisamment pendant la journée, votre enfant sera plus rassasié le soir et dormira mieux.

Cela fonctionne déjà pour nous et la nuit, nous avons parfois des blocs de 6 heures. Bonne chance !","06/22/2022, 13:51:07"
564864895185660,https://facebook.com/564864895185660,564832678522215,"Way too young I think
Baby still needs you","06/22/2022, 11:51:07"
564917018513781,https://facebook.com/564917018513781,564832678522215,"She’s too young… I agree with the others. Developmentally
she’s not ready","06/22/2022, 13:51:07"
565141045158045,https://facebook.com/565141045158045,564832678522215,"Hugs to you mama! I sent you a pm- feel free to check when you have a minute. You're doing great, and there are a couple things that may help you both get better rest without crying. 💕
Julie- mommydoula.net","06/22/2022, 22:51:07"
564903141848502,https://facebook.com/564903141848502,564832678522215,Sleep training isn't recommended until 4 months (US) and some aren't ready until closer to 6 months. At that age if they're crying because they need something. Even if it's just mama snuggles. Even when sleep training you should not be letting them cry for 2 hours. That's them telling you they are not ready,"06/22/2022, 12:51:07"
564985788506904,https://facebook.com/564985788506904,564832678522215,WAAY too young,"06/22/2022, 15:51:07"
564974938507989,https://facebook.com/564974938507989,564832678522215,Pediatrician said to CIO at 11 weeks? We are doomed as a humanity then,"06/22/2022, 15:51:07"
564895535182596,https://facebook.com/564895535182596,564832678522215,👉Try get the Gina Ford book.,"06/22/2022, 12:51:07"
564889631849853,https://facebook.com/564889631849853,564832678522215,Too young,"06/22/2022, 12:51:07"
